timestamp_ms,gpu_temp_c,gpu_power_w,cpu_tctl_c,cpu_package_power_w
1775992159648,60,260.546,77.125,152.89844
1775992159706,60,260.546,77.125,159.80208
1775992159763,60,260.546,77.125,157.98378
1775992159822,60,260.546,77.125,164.5234
1775992159879,60,260.546,77.125,166.4699
1775992159938,60,260.546,77.25,155.62593
1775992159996,60,260.546,77.25,157.08846
1775992160054,60,260.546,77.25,185.96312
1775992160112,60,260.546,77.375,164.63005
1775992160170,60,294.532,77.5,169.19186
1775992160228,60,294.532,77.5,167.41711
1775992160285,60,294.532,77.625,160.39558
1775992160343,60,294.532,77.625,147.00633
1775992160401,60,294.532,77.75,163.09834
1775992160458,60,294.532,77.75,162.02283
1775992160515,60,294.532,77.75,151.93553
1775992160573,60,294.532,77.75,157.06032
1775992160630,61,293.321,77.75,161.02774
1775992160687,61,293.321,77.75,157.10716
1775992160744,61,293.321,77.75,153.0696
1775992160802,61,293.321,77.75,162.35135
1775992160858,61,293.321,77.625,145.36343
1775992160914,61,293.321,77.5,124.1212
1775992160970,61,293.321,77.375,120.30732
1775992161027,61,293.321,77.125,121.19414
1775992161084,61,293.321,77.0,122.23081
1775992161141,60,294.32800000000003,76.875,122.692856
1775992161198,60,294.32800000000003,76.625,120.051254
1775992161255,60,294.32800000000003,76.5,117.92517
1775992161311,60,294.32800000000003,76.375,115.43312
1775992161368,60,294.32800000000003,76.25,118.537796
1775992161425,60,294.32800000000003,76.125,122.48612
1775992161482,60,294.32800000000003,76.0,127.92178
1775992161539,60,294.32800000000003,76.0,129.61243
1775992161596,60,294.32800000000003,75.875,129.79623
1775992161652,61,295.321,75.875,126.41164
1775992161708,61,295.321,75.75,127.96559
1775992161765,61,295.321,75.625,127.356255
1775992161821,61,295.321,75.625,127.007835
1775992161879,61,295.321,75.5,127.88282
1775992161936,61,295.321,75.5,124.80412
1775992161994,61,295.321,75.375,128.96024
1775992162052,61,295.321,75.25,123.62455
1775992162108,61,295.321,75.25,122.87074
1775992162164,60,296.738,75.125,125.021736
1775992162221,60,296.738,75.125,126.80449
1775992162278,60,296.738,75.0,122.38083
1775992162334,60,296.738,75.0,128.29938
1775992162391,60,296.738,74.875,127.81618
1775992162447,60,296.738,74.875,131.19601
1775992162504,60,296.738,74.75,126.774445
1775992162560,60,296.738,74.75,133.29338
1775992162617,60,296.738,74.75,127.67554
1775992162673,61,296.61,74.625,129.53897
1775992162729,61,296.61,74.625,131.18457
1775992162786,61,296.61,74.625,127.838745
1775992162843,61,296.61,74.625,129.13795
1775992162900,61,296.61,74.625,126.37997
1775992162957,61,296.61,74.625,123.335754
1775992163013,61,296.61,74.625,129.49776
1775992163070,61,296.61,74.625,127.7941
1775992163128,61,296.702,74.5,131.17068
1775992163184,61,296.702,74.5,127.13018
1775992163241,61,296.702,74.5,130.99493
1775992163298,61,296.702,74.5,127.096214
1775992163356,61,296.702,74.5,127.28824
1775992163412,61,296.702,74.5,133.16542
1775992163468,61,296.702,74.5,137.2521
1775992163525,61,296.702,74.5,136.6884
1775992163582,61,296.702,74.5,135.72746
1775992163639,55,293.556,74.625,137.14124
1775992163696,55,293.556,74.625,133.97585
1775992163752,55,293.556,74.625,134.31593
1775992163809,55,293.556,74.625,140.14055
1775992163866,55,293.556,74.625,132.99266
1775992163923,55,293.556,74.625,128.58188
1775992163980,55,293.556,74.5,123.587746
1775992164037,55,293.556,74.25,127.735664
1775992164093,55,293.556,74.125,124.147484
1775992164150,59,265.47,74.0,123.20104
1775992164206,59,265.47,73.875,127.76778
1775992164263,59,265.47,73.625,122.89061
1775992164320,59,265.47,73.5,124.11692
1775992164378,59,265.47,73.375,129.01218
1775992164434,59,265.47,73.125,132.18553
1775992164491,59,265.47,73.0,124.34912
1775992164547,59,265.47,72.875,124.34664
1775992164602,59,265.47,72.75,91.89228
1775992164656,60,262.511,72.5,81.72739
1775992164710,60,262.511,72.375,84.97792
1775992164763,60,262.511,72.25,86.32523
1775992164816,60,262.511,72.125,88.1942
1775992164870,60,262.511,71.875,91.22097
1775992164923,60,262.511,71.75,82.31933
1775992164976,60,262.511,71.625,80.05124
1775992165028,60,262.511,71.5,86.1398
1775992165085,60,262.511,71.375,106.81263
1775992165141,49,197.107,71.125,116.37484
1775992165197,49,197.107,71.0,114.62248
1775992165254,49,197.107,70.875,116.81124
1775992165309,49,197.107,70.75,112.97921
1775992165366,49,197.107,70.625,114.56768
1775992165421,49,197.107,70.375,113.99949
1775992165477,49,197.107,70.25,113.3527
1775992165533,49,197.107,70.125,113.14833
1775992165589,49,197.107,70.0,113.56206
1775992165644,61,180.669,69.875,116.57878
1775992165701,61,180.669,69.75,113.96731
1775992165757,61,180.669,69.625,113.144844
1775992165814,61,180.669,69.5,111.21559
1775992165870,61,180.669,69.375,117.08901
1775992165927,61,180.669,69.25,114.288155
1775992165982,61,180.669,69.125,109.610344
1775992166038,61,180.669,69.0,117.02833
1775992166095,61,180.669,68.875,115.8773
1775992166151,61,264.439,68.75,120.44916
1775992166206,61,264.439,68.75,123.83494
1775992166263,61,264.439,69.0,122.168175
1775992166319,61,264.439,69.0,120.54072
1775992166375,61,264.439,69.0,123.00641
1775992166431,61,264.439,69.0,128.41905
1775992166488,61,264.439,69.0,127.73876
1775992166545,61,264.439,69.125,132.69301
1775992166601,61,264.439,69.25,128.06285
1775992166658,60,314.29200000000003,69.125,120.15074
1775992166715,60,314.29200000000003,69.0,125.46771
1775992166770,60,314.29200000000003,68.875,118.87084
1775992166825,60,314.29200000000003,68.75,122.22175
1775992166882,60,314.29200000000003,68.625,122.52101
1775992166939,60,314.29200000000003,68.5,121.41425
1775992166995,60,314.29200000000003,68.5,121.036415
1775992167052,60,314.29200000000003,68.375,122.409325
1775992167108,60,314.29200000000003,68.25,120.55635
1775992167164,60,305.272,68.125,121.16296
1775992167220,60,305.272,68.0,120.18557
1775992167277,60,305.272,67.875,119.69026
1775992167333,60,305.272,67.75,121.46161
1775992167389,60,305.272,67.625,121.42243
1775992167445,60,305.272,67.5,121.16633
1775992167501,60,305.272,67.375,115.18436
1775992167557,60,305.272,67.375,120.81949
1775992167614,60,305.272,67.25,119.7812
1775992167670,60,298.573,67.125,119.8518
1775992167726,60,298.573,67.0,120.96782
1775992167783,60,298.573,66.875,120.65053
1775992167840,60,298.573,66.75,121.33116
1775992167896,60,298.573,66.625,118.20128
1775992167952,60,298.573,66.625,118.220474
1775992168009,60,298.573,66.5,117.80409
1775992168065,60,298.573,66.375,119.979385
1775992168121,60,298.595,66.25,121.75641
1775992168177,60,298.595,66.25,120.35295
1775992168233,60,298.595,66.125,118.89334
1775992168289,60,298.595,66.0,116.3042
1775992168346,60,298.595,66.0,117.76019
1775992168402,60,298.595,65.875,123.1792
1775992168459,60,298.595,65.875,129.66026
1775992168515,60,298.595,66.0,121.66817
1775992168573,60,298.595,66.125,129.75229
1775992168630,57,292.682,66.125,134.41162
1775992168686,57,292.682,66.25,120.92156
1775992168743,57,292.682,66.375,121.62298
1775992168799,57,292.682,66.375,129.09396
1775992168855,57,292.682,66.25,134.33046
1775992168912,57,292.682,66.125,128.10872
1775992168968,57,292.682,66.125,127.80886
1775992169024,57,292.682,66.0,128.94016
1775992169081,57,292.682,65.875,124.53434
1775992169137,60,269.714,65.875,123.88881
1775992169194,60,269.714,65.75,128.96892
1775992169249,60,269.714,65.625,125.88863
1775992169306,60,269.714,65.625,124.70688
1775992169362,60,269.714,65.5,121.81021
1775992169419,60,269.714,65.375,122.22603
1775992169475,60,269.714,65.25,123.0487
1775992169531,60,269.714,65.25,119.1205
1775992169587,60,269.714,65.125,122.547615
1775992169643,60,270.609,65.0,118.73316
1775992169699,60,270.609,64.875,117.98066
1775992169755,60,270.609,64.875,120.374886
1775992169811,60,270.609,64.75,117.615166
1775992169867,60,270.609,64.625,125.29974
1775992169923,60,270.609,64.5,119.67347
1775992169980,60,270.609,64.5,115.461975
1775992170037,60,270.609,64.375,115.91655
1775992170094,60,270.609,64.25,117.21196
1775992170151,61,299.188,64.25,111.44148
1775992170207,61,299.188,64.125,111.61143
1775992170262,61,299.188,64.125,109.80317
1775992170319,61,299.188,64.0,116.007195
1775992170376,61,299.188,63.875,116.57682
1775992170432,61,299.188,63.875,114.08736
1775992170490,61,299.188,63.75,110.68897
1775992170547,61,299.188,63.75,115.46716
1775992170603,61,299.188,63.875,114.19164
1775992170660,60,299.296,64.125,123.393745
1775992170717,60,299.296,64.25,120.02538
1775992170773,60,299.296,64.125,115.08129
1775992170830,60,299.296,64.0,114.288704
1775992170888,60,299.296,64.0,107.65909
1775992170944,60,299.296,63.875,111.995895
1775992170999,60,299.296,63.875,107.047005
1775992171055,60,299.296,63.75,107.88953
1775992171112,60,299.296,63.625,115.2209
1775992171168,60,299.38800000000003,63.625,119.60522
1775992171225,60,299.38800000000003,63.5,120.57684
1775992171280,60,299.38800000000003,63.5,120.29461
1775992171336,60,299.38800000000003,63.375,115.60827
1775992171392,60,299.38800000000003,63.25,119.65712
1775992171449,60,299.38800000000003,63.25,118.940384
1775992171505,60,299.38800000000003,63.125,116.737274
1775992171562,60,299.38800000000003,63.125,115.14207
1775992171618,60,299.21500000000003,63.0,120.04333
1775992171674,61,299.21500000000003,63.0,118.086945
1775992171731,61,299.21500000000003,62.875,121.79017
1775992171788,61,299.21500000000003,62.875,117.11961
1775992171843,61,299.21500000000003,62.75,114.28338
1775992171899,61,299.21500000000003,62.75,117.09915
1775992171955,61,299.21500000000003,62.75,116.95873
1775992172011,61,299.21500000000003,62.625,109.50652
1775992172067,61,299.21500000000003,62.625,115.01972
1775992172125,61,302.125,62.5,121.02499
1775992172182,61,302.125,62.5,115.493256
1775992172238,61,302.125,62.375,111.39488
1775992172295,61,302.125,62.375,110.26878
1775992172350,61,302.125,62.25,114.55373
1775992172406,61,302.125,62.25,111.43674
1775992172462,61,302.125,62.125,110.16849
1775992172517,61,302.125,62.125,114.50879
1775992172573,61,302.125,62.0,115.74887
1775992172630,60,304.228,62.0,111.92839
1775992172686,60,304.228,62.0,112.736946
1775992172743,60,304.228,61.875,119.05544
1775992172800,60,304.228,61.875,120.07057
1775992172856,60,304.228,62.75,128.96996
1775992172912,60,304.228,63.5,126.21663
1775992172970,60,304.228,64.25,126.91376
1775992173026,60,304.228,64.625,127.41451
1775992173083,60,304.228,64.625,125.077545
1775992173139,61,303.327,65.125,127.42012
1775992173196,61,303.327,65.75,128.14441
1775992173252,61,303.327,66.125,126.15154
1775992173310,61,303.327,66.125,120.27293
1775992173367,61,303.327,66.0,116.56797
1775992173424,61,303.327,66.0,126.69654
1775992173481,61,303.327,66.125,122.34412
1775992173539,61,303.327,66.375,125.86157
1775992173595,61,303.327,66.5,127.7446
1775992173651,58,298.00600000000003,66.375,130.0905
1775992173707,58,298.00600000000003,66.375,124.715744
1775992173765,58,298.00600000000003,66.375,129.58974
1775992173823,58,298.00600000000003,66.75,130.22716
1775992173879,58,298.00600000000003,66.875,128.08794
1775992173935,58,298.00600000000003,66.875,121.36494
1775992173992,58,298.00600000000003,66.75,122.9985
1775992174049,58,298.00600000000003,66.625,124.573105
1775992174104,58,298.00600000000003,66.5,117.62191
1775992174160,60,275.041,66.5,118.05364
1775992174216,60,275.041,66.375,117.78899
1775992174272,60,275.041,66.25,118.246056
1775992174329,60,275.041,66.25,118.639084
1775992174384,60,275.041,66.125,116.720085
1775992174441,60,275.041,66.0,124.72188
1775992174497,60,275.041,65.875,122.39685
1775992174553,60,275.041,65.875,127.97913
1775992174609,60,275.041,65.75,123.752525
1775992174665,60,272.031,65.625,123.59833
1775992174721,60,272.031,65.5,124.56147
1775992174777,60,272.031,65.5,122.92556
1775992174834,60,272.031,65.375,121.32939
1775992174891,60,272.031,65.25,124.26889
1775992174947,60,272.031,65.25,124.19526
1775992175003,60,272.031,65.25,131.86024
1775992175060,60,272.031,65.125,129.34537
1775992175116,60,272.031,65.125,122.80383
1775992175172,60,296.01300000000003,65.0,125.57551
1775992175229,60,296.01300000000003,64.875,126.116
1775992175285,60,296.01300000000003,64.875,123.54228
1775992175341,60,296.01300000000003,64.75,122.639565
1775992175397,60,296.01300000000003,64.625,123.65422
1775992175454,60,296.01300000000003,64.625,123.53458
1775992175511,60,296.01300000000003,64.5,122.53319
1775992175567,60,296.01300000000003,64.375,127.15484
1775992175624,61,298.963,64.375,125.06323
1775992175681,61,298.963,64.25,124.76333
1775992175737,61,298.963,64.125,127.29466
1775992175794,61,298.963,64.125,123.370865
1775992175851,61,298.963,64.0,125.65768
1775992175907,61,298.963,63.875,125.83515
1775992175964,61,298.963,63.875,123.85074
1775992176022,61,298.963,63.75,124.7432
1775992176081,61,298.963,63.625,122.96189
1775992176137,60,301.72,63.625,123.87317
1775992176194,60,301.72,63.5,130.37598
1775992176251,60,301.72,63.5,125.3559
1775992176307,60,301.72,63.375,125.81703
1775992176364,60,301.72,63.25,124.88854
1775992176420,60,301.72,63.25,123.903946
1775992176476,60,301.72,63.125,124.34649
1775992176532,60,301.72,63.125,122.232796
1775992176588,60,301.72,63.0,122.83058
1775992176645,61,300.21,63.0,123.083176
1775992176701,61,300.21,62.875,124.91485
1775992176756,61,300.21,62.875,125.12886
1775992176812,61,300.21,62.75,122.400986
1775992176868,61,300.21,62.75,125.30919
1775992176925,61,300.21,62.625,126.43219
1775992176981,61,300.21,62.625,124.98914
1775992177037,61,300.21,62.5,124.24579
1775992177092,61,300.21,62.5,127.0107
1775992177148,60,298.30400000000003,62.375,123.328125
1775992177204,60,298.30400000000003,62.375,123.27672
1775992177260,60,298.30400000000003,62.25,123.36611
1775992177317,60,298.30400000000003,62.125,123.38365
1775992177373,60,298.30400000000003,62.125,122.79632
1775992177429,60,298.30400000000003,62.0,123.411606
1775992177485,60,298.30400000000003,62.0,130.91066
1775992177542,60,298.30400000000003,61.875,127.37703
1775992177597,60,298.30400000000003,61.875,124.86508
1775992177653,60,296.646,61.75,120.58252
1775992177709,60,296.646,61.75,125.429695
1775992177765,60,296.646,61.625,119.87606
1775992177820,60,296.646,61.5,120.088974
1775992177876,60,296.646,61.5,123.25691
1775992177931,60,296.646,61.375,124.94619
1775992177987,60,296.646,61.375,123.333786
1775992178043,60,296.646,61.25,124.023834
1775992178100,60,296.646,61.25,124.891914
1775992178155,60,293.87,61.125,125.67098
1775992178213,60,293.87,61.125,124.14762
1775992178270,60,293.87,61.0,124.81794
1775992178326,60,293.87,61.0,122.000496
1775992178385,60,293.87,60.875,125.25035
1775992178442,60,293.87,61.0,134.0309
1775992178499,60,293.87,61.125,131.811
1775992178556,60,293.87,61.125,132.71367
1775992178614,60,293.87,61.25,128.53581
1775992178671,58,284.06,61.375,131.15518
1775992178729,58,284.06,61.5,138.23465
1775992178786,58,284.06,61.75,143.15005
1775992178843,58,284.06,62.125,128.8726
1775992178901,58,284.06,62.0,124.38743
1775992178956,58,284.06,62.0,119.87736
1775992179012,58,284.06,61.875,122.172646
1775992179068,58,284.06,61.875,123.72382
1775992179124,60,261.135,61.75,119.41825
1775992179181,60,261.135,61.625,122.39254
1775992179238,60,261.135,61.625,122.57938
1775992179295,60,261.135,61.5,120.59839
1775992179353,60,261.135,61.5,120.17642
1775992179409,60,261.135,61.375,120.22842
1775992179467,60,261.135,61.375,118.59834
1775992179524,60,261.135,61.25,122.218895
1775992179580,60,261.135,61.25,122.93301
1775992179637,61,264.669,61.25,123.213486
1775992179694,61,264.669,61.125,122.51264
1775992179751,61,264.669,61.125,122.710526
1775992179807,61,264.669,61.0,119.53066
1775992179863,61,264.669,61.0,122.126274
1775992179919,61,264.669,60.875,124.735054
1775992179976,61,264.669,60.875,121.157555
1775992180032,61,264.669,60.875,124.60476
1775992180088,61,264.669,60.75,124.021255
1775992180146,61,294.086,60.75,121.21106
1775992180203,61,294.086,60.625,119.46006
1775992180259,61,294.086,60.625,121.89157
1775992180315,61,294.086,60.625,122.56584
1775992180371,61,294.086,60.5,124.456856
1775992180426,61,294.086,60.5,122.0319
1775992180483,61,294.086,60.5,121.80321
1775992180539,61,294.086,60.375,122.14937
1775992180595,61,294.086,60.375,121.68204
1775992180651,60,297.22,60.25,119.3991
1775992180708,60,297.22,60.25,123.77818
1775992180764,60,297.22,60.25,118.826385
1775992180821,60,297.22,60.25,116.6677
1775992180876,60,297.22,60.125,125.87234
1775992180933,60,297.22,60.125,116.31669
1775992180990,60,297.22,60.25,115.31254
1775992181047,60,297.22,60.25,113.78261
1775992181103,60,297.22,60.125,113.220474
1775992181158,61,297.308,60.125,116.036606
1775992181214,61,297.308,60.25,114.56561
1775992181272,61,297.308,60.25,113.79596
1775992181328,61,297.308,60.125,117.63353
1775992181384,61,297.308,60.125,117.116035
1775992181439,61,297.308,60.125,114.86821
1775992181495,61,297.308,60.125,119.03887
1775992181552,61,297.308,60.125,118.839005
1775992181609,61,297.308,60.125,117.69666
1775992181666,60,295.514,60.125,113.47253
1775992181722,60,295.514,60.125,117.26683
1775992181778,60,295.514,60.0,116.57462
1775992181834,60,295.514,60.0,112.95062
1775992181890,60,295.514,60.0,117.25971
1775992181948,60,295.514,60.125,113.94235
1775992182005,60,295.514,60.125,112.53074
1775992182061,60,295.514,60.125,123.67162
1775992182119,60,295.514,60.125,116.76338
1775992182175,60,292.198,60.125,117.099724
1775992182230,60,292.198,60.125,114.04077
1775992182286,60,292.198,60.125,116.01218
1775992182342,60,292.198,60.375,111.27956
1775992182397,60,292.198,60.375,115.02816
1775992182453,60,292.198,60.25,113.60392
1775992182509,60,292.198,60.25,115.59625
1775992182565,60,292.198,60.25,115.23039
1775992182622,60,288.921,60.375,114.59633
1775992182678,60,288.921,60.25,113.528336
1775992182732,60,288.921,60.25,117.947495
1775992182788,60,288.921,60.25,113.21308
1775992182846,60,288.921,60.25,113.09797
1775992182901,60,288.921,60.375,113.21097
1775992182957,60,288.921,60.375,110.17197
1775992183012,60,288.921,60.375,113.22836
1775992183069,60,288.921,60.25,113.93118
1775992183126,60,287.974,60.25,112.10945
1775992183181,60,287.974,60.25,114.543
1775992183237,60,287.974,60.25,121.004265
1775992183294,60,287.974,60.25,115.620224
1775992183351,60,287.974,60.125,115.10847
1775992183408,60,287.974,60.25,129.61761
1775992183464,60,287.974,60.75,119.23245
1775992183521,60,287.974,61.25,126.121765
1775992183578,60,287.974,61.75,125.28415
1775992183636,57,283.008,62.125,124.07718
1775992183693,57,283.008,62.125,123.120316
1775992183750,57,283.008,62.375,126.53052
1775992183807,57,283.008,62.5,130.0541
1775992183864,57,283.008,62.625,120.08189
1775992183921,57,283.008,62.625,120.09896
1775992183977,57,283.008,62.5,113.19127
1775992184033,57,283.008,62.5,120.63268
1775992184090,57,283.008,62.375,118.564354
1775992184147,60,259.051,62.375,121.701836
1775992184203,60,259.051,62.375,121.51265
1775992184260,60,259.051,62.25,122.29512
1775992184316,60,259.051,62.25,116.79818
1775992184373,60,259.051,62.25,111.99081
1775992184429,60,259.051,62.125,114.96222
1775992184486,60,259.051,62.125,116.40416
1775992184541,60,259.051,62.125,113.61647
1775992184598,60,259.051,62.0,117.459465
1775992184654,60,258.854,62.0,116.9563
1775992184710,60,258.854,61.875,118.19604
1775992184766,60,258.854,61.875,119.004684
1775992184823,60,258.854,61.875,116.87501
1775992184880,60,258.854,61.75,117.52131
1775992184936,60,258.854,61.75,116.31793
1775992184992,60,258.854,61.625,115.409065
1775992185049,60,258.854,61.625,118.74223
1775992185105,60,258.854,61.5,116.46737
1775992185165,60,290.267,61.625,117.96719
1775992185221,60,290.267,61.625,109.84576
1775992185276,60,290.267,61.5,114.69603
1775992185332,60,290.267,61.5,117.771324
1775992185388,60,290.267,61.5,114.748184
1775992185444,60,290.267,61.375,113.27441
1775992185500,60,290.267,61.375,115.971756
1775992185556,60,290.267,61.25,116.17493
1775992185612,60,290.267,61.25,116.71493
1775992185669,60,294.235,61.25,118.11724
1775992185724,60,294.235,61.125,115.67835
1775992185782,60,294.235,61.125,117.943
1775992185838,60,294.235,61.0,112.19449
1775992185894,60,294.235,61.0,115.49538
1775992185951,60,294.235,60.875,119.035286
1775992186007,60,294.235,60.875,114.82464
1775992186063,60,294.235,60.75,116.32268
1775992186118,60,294.235,60.75,112.50168
1775992186175,60,295.67900000000003,60.625,113.92016
1775992186231,60,295.67900000000003,60.625,115.176025
1775992186287,60,295.67900000000003,60.625,115.74152
1775992186343,60,295.67900000000003,60.5,116.584404
1775992186399,60,295.67900000000003,60.5,114.20961
1775992186454,60,295.67900000000003,60.375,112.524635
1775992186509,60,295.67900000000003,60.375,115.24879
1775992186565,60,295.67900000000003,60.25,116.93403
1775992186621,60,298.049,60.25,115.540016
1775992186677,60,298.049,60.25,118.67504
1775992186734,60,298.049,60.125,117.76243
1775992186791,60,298.049,60.125,117.57297
1775992186848,60,298.049,60.125,117.357994
1775992186904,60,298.049,60.0,116.7646
1775992186960,60,298.049,60.0,116.34659
1775992187016,60,298.049,60.0,115.11795
1775992187072,60,298.049,60.0,114.71438
1775992187127,60,300.367,59.875,112.78464
1775992187184,60,300.367,59.875,122.218834
1775992187240,60,300.367,59.875,116.93884
1775992187297,60,300.367,59.75,119.46676
1775992187353,60,300.367,59.75,117.394554
1775992187410,60,300.367,59.75,115.89178
1775992187467,60,300.367,59.75,113.69005
1775992187524,60,300.367,59.625,115.45386
1775992187580,60,300.367,59.625,121.76998
1775992187636,60,299.958,59.625,112.36005
1775992187692,60,299.958,59.625,115.45955
1775992187748,60,299.958,59.625,121.11081
1775992187805,60,299.958,59.5,119.99638
1775992187862,60,299.958,59.5,118.96446
1775992187918,60,299.958,59.625,112.873314
1775992187974,60,299.958,59.5,116.40317
1775992188031,60,299.958,59.5,116.30023
1775992188087,60,299.958,59.5,112.08948
1775992188143,60,299.69100000000003,59.5,111.91109
1775992188200,60,299.69100000000003,59.5,118.5858
1775992188257,60,299.69100000000003,59.5,118.43224
1775992188314,60,299.69100000000003,59.5,118.154015
1775992188371,60,299.69100000000003,59.5,120.86617
1775992188429,60,299.69100000000003,59.875,131.63124
1775992188486,60,299.69100000000003,60.5,121.37209
1775992188544,60,299.69100000000003,61.0,118.66381
1775992188601,60,299.69100000000003,61.5,124.276634
1775992188658,56,294.622,62.125,128.49901
1775992188715,56,294.622,62.25,131.25758
1775992188771,56,294.622,62.75,122.194855
1775992188827,56,294.622,63.0,125.21762
1775992188883,56,294.622,63.0,124.057816
1775992188941,56,294.622,62.875,119.85122
1775992188997,56,294.622,62.875,115.49283
1775992189053,56,294.622,62.875,116.603714
1775992189109,56,294.622,62.75,112.476746
1775992189165,60,268.29,62.625,115.05789
1775992189221,60,268.29,62.625,117.39735
1775992189276,60,268.29,62.5,114.65594
1775992189331,60,268.29,62.5,115.806404
1775992189388,60,268.29,62.375,115.84104
1775992189443,60,268.29,62.375,114.06778
1775992189499,60,268.29,62.25,118.13539
1775992189555,60,268.29,62.25,116.57214
1775992189611,60,268.29,62.125,114.12564
1775992189668,60,272.286,62.125,114.37088
1775992189725,60,272.286,62.125,123.145164
1775992189782,60,272.286,62.0,120.13828
1775992189839,60,272.286,62.0,117.01293
1775992189895,60,272.286,61.875,118.676414
1775992189952,60,272.286,62.0,127.86636
1775992190009,60,272.286,62.125,124.07741
1775992190066,60,272.286,62.0,117.6994
1775992190122,60,301.057,62.0,117.097374
1775992190180,60,301.057,61.875,123.113396
1775992190236,60,301.057,61.875,117.57869
1775992190295,60,301.057,61.875,117.05798
1775992190352,60,301.057,61.75,114.02671
1775992190407,60,301.057,61.75,118.65667
1775992190464,60,301.057,61.625,116.71453
1775992190521,60,301.057,61.625,118.033005
1775992190577,60,301.057,61.5,116.64611
1775992190634,59,300.009,61.5,121.558105
1775992190690,59,300.009,61.5,120.333336
1775992190746,59,300.009,61.375,121.79354
1775992190803,59,300.009,61.375,120.51612
1775992190859,59,300.009,61.25,121.90668
1775992190915,59,300.009,61.25,119.82022
1775992190973,59,300.009,61.25,119.60966
1775992191029,59,300.009,61.125,124.15156
1775992191085,59,300.009,61.125,123.12444
1775992191142,60,299.014,61.0,121.49061
1775992191198,60,299.014,61.0,122.72945
1775992191256,60,299.014,60.875,128.4728
1775992191313,60,299.014,60.875,124.62222
1775992191370,60,299.014,60.875,141.88435
1775992191427,60,299.014,60.875,118.996445
1775992191483,60,299.014,60.875,121.54119
1775992191539,60,299.014,60.875,116.168625
1775992191594,60,299.014,60.75,115.606895
1775992191650,60,297.817,60.75,121.04188
1775992191705,60,297.817,60.75,119.420204
1775992191761,60,297.817,60.625,116.37647
1775992191816,60,297.817,60.625,119.299286
1775992191873,60,297.817,60.5,121.51331
1775992191929,60,297.817,60.5,121.108246
1775992191986,60,297.817,60.5,122.10098
1775992192042,60,297.817,60.375,122.144424
1775992192098,60,297.817,60.375,117.75574
1775992192154,60,297.416,60.375,120.148346
1775992192211,60,297.416,60.25,122.80464
1775992192268,60,297.416,60.25,117.00654
1775992192323,60,297.416,60.25,117.733215
1775992192379,60,297.416,60.125,121.67405
1775992192435,60,297.416,60.125,123.278656
1775992192493,60,297.416,60.125,122.38143
1775992192553,60,297.416,60.125,123.25018
1775992192609,60,297.416,60.125,122.22718
1775992192665,60,297.773,60.125,121.7725
1775992192723,60,297.773,60.0,123.18522
1775992192778,60,297.773,60.0,120.001465
1775992192833,60,297.773,60.0,119.75718
1775992192888,60,297.773,59.875,119.19083
1775992192943,60,297.773,59.875,121.421005
1775992192998,60,297.773,59.875,121.20541
1775992193054,60,297.773,59.75,118.61513
1775992193110,60,297.773,59.75,114.68366
1775992193166,60,299.499,59.875,121.25457
1775992193222,60,299.499,60.125,128.94312
1775992193278,60,299.499,60.375,129.48915
1775992193334,60,299.499,60.875,132.46222
1775992193391,60,299.499,61.375,131.98598
1775992193449,60,299.499,61.625,145.00241
1775992193506,60,299.499,61.625,141.6059
1775992193562,60,299.499,61.75,142.52097
1775992193619,60,299.499,61.75,141.18379
1775992193676,58,288.075,61.875,138.33284
1775992193732,58,288.075,62.0,139.68057
1775992193788,58,288.075,62.25,140.43617
1775992193844,58,288.075,62.25,135.6651
1775992193900,58,288.075,62.375,130.40515
1775992193957,58,288.075,62.375,126.4401
1775992194013,58,288.075,62.375,125.45221
1775992194070,58,288.075,62.5,127.95125
1775992194126,59,260.72700000000003,62.5,127.76581
1775992194182,59,260.72700000000003,62.5,128.1575
1775992194238,59,260.72700000000003,62.5,127.57424
1775992194294,59,260.72700000000003,62.5,119.50357
1775992194350,59,260.72700000000003,62.375,121.84833
1775992194407,59,260.72700000000003,62.25,121.0273
1775992194463,59,260.72700000000003,62.25,121.623726
1775992194519,59,260.72700000000003,62.25,116.44681
1775992194575,59,260.72700000000003,62.125,123.59706
1775992194631,60,257.319,62.0,121.53385
1775992194688,60,257.319,62.125,127.764366
1775992194745,60,257.319,62.375,128.29637
1775992194803,60,257.319,62.625,126.20934
1775992194860,60,257.319,62.75,120.46908
1775992194916,60,257.319,62.625,117.47824
1775992194973,60,257.319,62.625,119.36005
1775992195030,60,257.319,62.5,119.47929
1775992195087,60,257.319,62.5,123.1073
1775992195144,60,289.493,62.375,118.800606
1775992195200,60,289.493,62.375,121.55179
1775992195257,60,289.493,62.25,120.510445
1775992195313,60,289.493,62.25,121.41124
1775992195370,60,289.493,62.25,119.98248
1775992195426,60,289.493,62.125,120.6296
1775992195483,60,289.493,62.125,119.55655
1775992195539,60,289.493,62.0,118.53082
1775992195595,60,289.493,62.0,123.67368
1775992195652,60,305.75,61.875,118.6819
1775992195708,60,305.75,62.0,129.13588
1775992195765,60,305.75,62.125,133.46643
1775992195821,60,305.75,62.0,121.08642
1775992195878,60,305.75,62.0,123.11341
1775992195934,60,305.75,61.875,118.99218
1775992195990,60,305.75,61.875,120.818184
1775992196046,60,305.75,61.75,124.47523
1775992196102,60,305.75,61.75,116.648026
1775992196159,61,307.05400000000003,61.625,119.39207
1775992196215,61,307.05400000000003,61.625,124.95675
1775992196271,61,307.05400000000003,61.625,125.35785
1775992196329,61,307.05400000000003,62.0,131.1455
1775992196385,61,307.05400000000003,62.25,129.16347
1775992196443,61,307.05400000000003,62.25,129.7633
1775992196498,61,307.05400000000003,62.375,129.81866
1775992196555,61,307.05400000000003,62.375,123.1956
1775992196611,61,307.05400000000003,62.25,121.125755
1775992196667,60,306.379,62.25,121.93125
1775992196724,60,306.379,62.125,126.21573
1775992196780,60,306.379,62.125,115.80031
1775992196838,60,306.379,62.0,119.254906
1775992196894,60,306.379,62.0,127.78924
1775992196950,60,306.379,61.875,118.317444
1775992197007,60,306.379,61.875,116.00087
1775992197063,60,306.379,61.875,123.70344
1775992197120,60,306.379,61.875,133.71657
1775992197177,61,306.877,61.875,127.811646
1775992197233,61,306.877,61.75,115.47387
1775992197289,61,306.877,61.75,117.67816
1775992197345,61,306.877,61.625,111.78158
1775992197401,61,306.877,61.625,119.735855
1775992197458,61,306.877,61.625,113.86833
1775992197515,61,306.877,61.625,125.30937
1775992197573,61,306.877,62.0,135.37608
1775992197630,61,306.661,62.125,131.70355
1775992197687,61,306.661,62.625,135.96191
1775992197744,61,306.661,62.875,130.27785
1775992197800,61,306.661,62.75,132.11682
1775992197858,61,306.661,62.75,135.292
1775992197914,61,306.661,62.875,134.47197
1775992197970,61,306.661,62.875,134.05937
1775992198027,61,306.661,62.875,121.39676
1775992198084,61,306.661,62.875,124.20681
1775992198141,61,306.427,62.75,123.58592
1775992198197,61,306.427,62.75,120.83995
1775992198253,61,306.427,62.625,124.374504
1775992198309,61,306.427,62.625,122.23803
1775992198366,61,306.427,62.5,122.959114
1775992198422,61,306.427,62.75,131.3015
1775992198479,61,306.427,63.0,123.30916
1775992198535,61,306.427,63.5,120.35229
1775992198593,61,306.427,64.0,121.382164
1775992198650,56,300.651,64.375,126.92907
1775992198707,56,300.651,64.625,127.48299
1775992198763,56,300.651,64.875,125.54214
1775992198819,56,300.651,64.75,128.88577
1775992198876,56,300.651,64.75,123.939606
1775992198933,56,300.651,64.625,127.62069
1775992198989,56,300.651,64.625,117.619835
1775992199045,56,300.651,64.5,124.429016
1775992199101,56,300.651,64.5,118.03965
1775992199158,60,273.603,64.375,116.412865
1775992199214,60,273.603,64.375,115.922935
1775992199271,60,273.603,64.25,123.93232
1775992199327,60,273.603,64.25,121.50282
1775992199383,60,273.603,64.125,121.6517
1775992199439,60,273.603,64.0,125.61017
1775992199495,60,273.603,64.0,121.189316
1775992199552,60,273.603,63.875,121.25666
1775992199608,60,273.603,63.875,125.55084
1775992199665,60,272.935,63.75,118.56928
1775992199721,60,272.935,63.75,119.3104
1775992199777,60,272.935,63.625,120.00182
1775992199833,60,272.935,63.625,122.01381
1775992199890,60,272.935,63.5,126.119064
1775992199949,60,272.935,63.5,124.3071
1775992200007,60,272.935,63.875,124.427376
1775992200062,60,272.935,63.875,119.1461
1775992200117,60,272.935,63.875,113.32082
1775992200171,60,302.574,63.875,114.64636
1775992200226,60,302.574,63.75,116.240074
1775992200282,60,302.574,63.75,117.32948
1775992200338,60,302.574,63.625,113.39153
1775992200394,60,302.574,63.625,118.46606
1775992200451,60,302.574,63.625,117.914734
1775992200508,60,302.574,63.5,115.14762
1775992200564,60,302.574,63.5,115.864075
1775992200619,60,302.574,63.5,117.1188
1775992200675,60,301.543,63.375,115.013954
1775992200732,60,301.543,63.375,129.87032
1775992200789,60,301.543,63.5,135.06175
1775992200846,60,301.543,63.5,137.6144
1775992200904,60,301.543,63.625,137.97061
1775992200961,60,301.543,63.75,130.44661
1775992201018,60,301.543,63.75,139.82698
1775992201075,60,301.543,63.875,132.99477
1775992201132,60,300.423,63.875,133.70786
1775992201189,60,300.423,64.0,134.06635
1775992201245,60,300.423,64.375,136.74702
1775992201303,60,300.423,64.875,134.7371
1775992201360,60,300.423,65.125,131.6288
1775992201418,60,300.423,65.125,139.41995
1775992201475,60,300.423,65.0,167.35323
1775992201532,60,300.423,65.125,144.12009
1775992201588,60,300.423,65.125,133.95052
1775992201645,59,297.761,65.125,133.57372
1775992201702,59,297.761,65.5,137.29994
1775992201759,59,297.761,65.875,132.22809
1775992201816,59,297.761,66.25,129.4906
1775992201873,59,297.761,66.25,130.12921
1775992201929,59,297.761,66.375,129.54893
1775992201986,59,297.761,66.5,131.49643
1775992202042,59,297.761,66.75,130.18845
1775992202098,59,297.761,66.75,130.0498
1775992202155,61,296.398,66.625,124.51943
1775992202211,61,296.398,66.625,127.04656
1775992202268,61,296.398,66.625,131.04834
1775992202325,61,296.398,66.5,119.55151
1775992202381,61,296.398,66.375,116.47439
1775992202437,61,296.398,66.375,120.92305
1775992202494,61,296.398,66.25,125.63213
1775992202550,61,296.398,66.125,123.20476
1775992202606,61,296.398,66.125,121.847916
1775992202663,60,297.616,66.0,121.39926
1775992202719,60,297.616,65.875,124.35969
1775992202775,60,297.616,65.875,130.01591
1775992202832,60,297.616,65.875,132.818
1775992202888,60,297.616,65.875,133.70432
1775992202944,60,297.616,65.75,131.28102
1775992203001,60,297.616,65.75,131.71574
1775992203057,60,297.616,65.75,127.96508
1775992203113,60,297.616,65.625,121.32385
1775992203169,61,297.808,65.625,120.599396
1775992203226,61,297.808,65.5,122.04176
1775992203282,61,297.808,65.375,120.160065
1775992203338,61,297.808,65.25,121.90771
1775992203396,61,297.808,65.25,125.61485
1775992203453,61,297.808,65.25,132.67892
1775992203510,61,297.808,65.25,126.71803
1775992203566,61,297.808,65.5,128.07098
1775992203623,57,292.20300000000003,65.5,129.57152
1775992203678,57,292.20300000000003,65.625,120.90822
1775992203736,57,292.20300000000003,65.625,137.46841
1775992203792,57,292.20300000000003,65.625,129.74243
1775992203848,57,292.20300000000003,65.625,125.58018
1775992203905,57,292.20300000000003,65.5,126.34582
1775992203961,57,292.20300000000003,65.5,127.30335
1775992204017,57,292.20300000000003,65.375,124.00645
1775992204073,57,292.20300000000003,65.25,120.66538
1775992204128,60,266.685,65.25,117.31531
1775992204185,60,266.685,65.125,122.6184
1775992204241,60,266.685,65.0,118.85093
1775992204297,60,266.685,65.0,120.62331
1775992204355,60,266.685,64.875,121.10656
1775992204411,60,266.685,64.75,119.16723
1775992204468,60,266.685,64.75,118.65383
1775992204524,60,266.685,64.625,119.60679
1775992204581,60,266.685,64.5,122.30717
1775992204638,60,270.681,64.5,117.6529
1775992204694,60,270.681,64.375,116.23898
1775992204751,60,270.681,64.25,119.30154
1775992204808,60,270.681,64.25,120.21524
1775992204864,60,270.681,64.125,122.91587
1775992204921,60,270.681,64.125,121.672676
1775992204978,60,270.681,64.125,123.8817
1775992205034,60,270.681,64.375,127.78932
1775992205092,60,270.681,64.75,129.45607
1775992205148,60,300.022,65.125,128.4431
1775992205206,60,300.022,65.5,128.75786
1775992205262,60,300.022,65.5,125.6138
1775992205318,60,300.022,65.375,117.57667
1775992205375,60,300.022,65.25,120.19088
1775992205432,60,300.022,65.25,121.07053
1775992205488,60,300.022,65.125,114.50383
1775992205544,60,300.022,65.0,114.672066
1775992205601,60,300.022,65.0,115.889305
1775992205655,60,299.568,64.875,115.76328
1775992205712,60,299.568,64.875,124.624275
1775992205768,60,299.568,64.875,123.677216
1775992205825,60,299.568,64.875,128.5728
1775992205882,60,299.568,64.875,134.9686
1775992205939,60,299.568,65.0,132.40749
1775992205995,60,299.568,65.0,130.65715
1775992206052,60,299.568,64.875,127.557976
1775992206108,60,299.568,64.75,117.34714
1775992206165,60,299.581,64.75,121.09676
1775992206221,60,299.581,64.625,117.978615
1775992206278,60,299.581,64.5,120.28762
1775992206335,60,299.581,64.5,120.701294
1775992206392,60,299.581,64.375,125.23058
1775992206450,60,299.581,64.25,119.60037
1775992206506,60,299.581,64.25,122.232216
1775992206561,60,299.581,64.125,120.819244
1775992206617,60,299.581,64.0,123.029495
1775992206673,61,299.746,64.0,121.849365
1775992206729,61,299.746,63.875,124.07289
1775992206786,61,299.746,63.75,123.52969
1775992206843,61,299.746,63.75,121.44439
1775992206899,61,299.746,63.625,122.229485
1775992206955,61,299.746,63.625,119.54913
1775992207012,61,299.746,63.5,118.679985
1775992207068,61,299.746,63.375,121.58619
1775992207125,60,298.737,63.375,120.32051
1775992207181,60,298.737,63.25,117.97289
1775992207237,60,298.737,63.25,112.984184
1775992207292,60,298.737,63.125,114.042015
1775992207347,60,298.737,63.125,113.799515
1775992207403,60,298.737,63.0,115.80864
1775992207459,60,298.737,62.875,116.35883
1775992207516,60,298.737,62.875,114.8392
1775992207572,60,298.737,62.875,118.40929
1775992207627,59,297.22700000000003,62.75,113.04903
1775992207684,59,297.22700000000003,62.75,117.9624
1775992207740,59,297.22700000000003,62.625,122.78329
1775992207797,59,297.22700000000003,62.625,120.73831
1775992207854,59,297.22700000000003,62.5,121.93241
1775992207910,59,297.22700000000003,62.5,122.50504
1775992207966,59,297.22700000000003,62.375,118.409904
1775992208023,59,297.22700000000003,62.375,116.99406
1775992208079,59,297.22700000000003,62.25,115.72528
1775992208134,60,295.471,62.25,118.05778
1775992208192,60,295.471,62.125,128.57964
1775992208248,60,295.471,62.125,120.917915
1775992208305,60,295.471,62.0,118.40846
1775992208361,60,295.471,62.0,113.82922
1775992208417,60,295.471,62.0,127.91576
1775992208474,60,295.471,62.375,137.05147
1775992208530,60,295.471,62.5,126.89161
1775992208587,60,295.471,62.875,126.35288
1775992208646,58,289.885,63.125,123.551285
1775992208702,58,289.885,63.25,125.24282
1775992208758,58,289.885,63.375,126.429436
1775992208815,58,289.885,63.625,127.67907
1775992208872,58,289.885,63.5,116.64698
1775992208928,58,289.885,63.5,118.86471
1775992208985,58,289.885,63.375,121.11935
1775992209041,58,289.885,63.25,120.35808
1775992209096,58,289.885,63.25,116.80534
1775992209154,60,271.412,63.25,113.585434
1775992209210,60,271.412,63.25,114.60199
1775992209265,60,271.412,63.25,126.18001
1775992209322,60,271.412,63.25,126.47949
1775992209379,60,271.412,63.5,126.76874
1775992209435,60,271.412,63.625,125.535065
1775992209493,60,271.412,63.875,127.763435
1775992209549,60,271.412,63.875,123.703705
1775992209604,60,271.412,63.75,115.25643
1775992209661,60,272.52,63.625,116.85084
1775992209718,60,272.52,63.625,119.60208
1775992209774,60,272.52,63.5,110.77057
1775992209830,60,272.52,63.375,113.81796
1775992209887,60,272.52,63.375,116.04904
1775992209944,60,272.52,63.25,113.72237
1775992209999,60,272.52,63.25,112.29272
1775992210054,60,272.52,63.125,106.57895
1775992210108,60,272.52,63.0,110.72747
1775992210164,61,291.119,63.0,104.83559
1775992210218,61,291.119,62.875,112.76288
1775992210273,61,291.119,62.875,109.54024
1775992210327,61,291.119,62.75,109.48732
1775992210382,61,291.119,62.625,111.98123
1775992210435,61,291.119,62.625,111.37032
1775992210492,61,291.119,62.5,112.46076
1775992210548,61,291.119,62.5,112.740295
1775992210605,61,291.119,62.375,121.215706
1775992210661,60,290.811,62.375,115.07329
1775992210717,60,290.811,62.25,114.84337
1775992210772,60,290.811,62.125,111.97264
1775992210828,60,290.811,62.125,115.15116
1775992210883,60,290.811,62.0,115.59884
1775992210939,60,290.811,62.0,118.1355
1775992210995,60,290.811,61.875,114.526985
1775992211051,60,290.811,61.875,119.619484
1775992211109,60,290.811,61.75,117.16701
1775992211165,60,293.485,61.75,118.563126
1775992211222,60,293.485,61.625,120.33033
1775992211278,60,293.485,61.5,120.80439
1775992211335,60,293.485,61.5,117.37359
1775992211391,60,293.485,61.5,120.520035
1775992211447,60,293.485,61.5,119.135
1775992211503,60,293.485,61.5,114.743095
1775992211560,60,293.485,61.375,119.1672
1775992211615,60,293.485,61.375,115.31898
1775992211671,60,290.952,61.25,115.33624
1775992211727,60,290.952,61.25,116.75955
1775992211783,60,290.952,61.125,112.595665
1775992211840,60,290.952,61.125,111.69003
1775992211895,60,290.952,61.0,114.67766
1775992211952,60,290.952,61.0,116.56858
1775992212008,60,290.952,61.0,117.096176
1775992212065,60,290.952,60.875,121.70585
1775992212121,60,290.952,60.875,117.715836
1775992212178,60,286.67,60.75,121.05796
1775992212234,60,286.67,60.75,119.504654
1775992212290,60,286.67,60.75,115.5385
1775992212347,60,286.67,60.625,116.16208
1775992212403,60,286.67,60.625,113.75828
1775992212461,60,286.67,60.625,123.1452
1775992212518,60,286.67,60.5,116.50989
1775992212575,60,286.67,60.5,115.93989
1775992212632,60,289.135,60.75,124.30226
1775992212688,60,289.135,61.0,127.10054
1775992212746,60,289.135,61.375,130.90701
1775992212803,60,289.135,61.875,125.8115
1775992212860,60,289.135,62.5,127.675934
1775992212917,60,289.135,62.625,125.4094
1775992212974,60,289.135,62.875,125.69989
1775992213032,60,289.135,63.0,128.01959
1775992213087,60,289.135,63.25,122.59503
1775992213144,60,292.528,63.5,131.61754
1775992213202,60,292.528,63.75,130.39597
1775992213258,60,292.528,63.75,131.32051
1775992213316,60,292.528,63.875,133.77275
1775992213373,60,292.528,64.0,131.87866
1775992213431,60,292.528,64.375,143.18028
1775992213488,60,292.528,64.875,142.78365
1775992213545,60,292.528,65.125,140.39641
1775992213601,60,292.528,65.25,142.36913
1775992213658,57,285.232,65.75,142.2249
1775992213715,57,285.232,66.125,137.90193
1775992213773,57,285.232,66.25,140.00116
1775992213831,57,285.232,66.25,143.2052
1775992213889,57,285.232,66.375,136.02974
1775992213946,57,285.232,66.375,134.81247
1775992214003,57,285.232,66.5,135.79085
1775992214060,57,285.232,66.375,134.51048
1775992214117,57,285.232,66.625,135.84943
1775992214173,60,259.206,66.75,132.94731
1775992214231,60,259.206,66.75,136.50153
1775992214288,60,259.206,66.875,134.62318
1775992214344,60,259.206,66.875,128.27812
1775992214400,60,259.206,66.75,130.08377
1775992214456,60,259.206,66.625,127.96689
1775992214512,60,259.206,66.625,130.28874
1775992214569,60,259.206,66.625,135.2414
1775992214626,59,262.134,66.625,126.722275
1775992214682,59,262.134,66.5,128.73921
1775992214740,59,262.134,66.5,119.11962
1775992214796,59,262.134,66.375,125.55159
1775992214853,59,262.134,66.375,129.38191
1775992214909,59,262.134,66.25,125.75714
1775992214966,59,262.134,66.125,128.22258
1775992215023,59,262.134,66.0,125.257706
1775992215079,59,262.134,66.0,132.00473
1775992215136,60,294.725,65.875,138.19783
1775992215194,60,294.725,65.875,133.77327
1775992215251,60,294.725,65.75,127.324295
1775992215309,60,294.725,65.75,123.613235
1775992215366,60,294.725,65.625,126.23017
1775992215421,60,294.725,65.5,128.95052
1775992215477,60,294.725,65.5,125.89029
1775992215534,60,294.725,65.375,128.02579
1775992215590,60,294.725,65.25,127.67439
1775992215647,60,296.969,65.125,126.181366
1775992215703,60,296.969,65.125,126.65386
1775992215759,60,296.969,65.125,132.14497
1775992215815,60,296.969,65.25,139.56517
1775992215872,60,296.969,65.25,129.25517
1775992215928,60,296.969,65.25,126.93805
1775992215984,60,296.969,65.125,127.243835
1775992216040,60,296.969,65.0,130.80556
1775992216097,60,296.969,65.0,131.01137
1775992216154,59,298.009,65.125,138.89534
1775992216212,59,298.009,65.125,125.98945
1775992216269,59,298.009,65.0,133.5463
1775992216325,59,298.009,65.0,120.032906
1775992216382,59,298.009,64.875,121.15291
1775992216439,59,298.009,64.875,125.87453
1775992216496,59,298.009,64.75,124.72206
1775992216553,59,298.009,64.75,127.28683
1775992216611,59,298.009,64.875,130.83357
1775992216667,60,295.974,64.875,121.21673
1775992216725,60,295.974,64.875,124.74519
1775992216781,60,295.974,64.75,118.47636
1775992216838,60,295.974,64.75,127.22661
1775992216893,60,295.974,64.75,122.67225
1775992216950,60,295.974,64.625,124.26862
1775992217006,60,295.974,64.625,119.653824
1775992217063,60,295.974,64.625,120.70428
1775992217119,60,295.974,64.5,118.27425
1775992217176,60,292.87600000000003,64.5,120.12105
1775992217233,60,292.87600000000003,64.375,119.90232
1775992217290,60,292.87600000000003,64.5,130.69885
1775992217345,60,292.87600000000003,64.5,127.79451
1775992217401,60,292.87600000000003,64.5,127.16066
1775992217457,60,292.87600000000003,64.5,127.20155
1775992217514,60,292.87600000000003,64.375,119.545395
1775992217571,60,292.87600000000003,64.375,128.56746
1775992217628,60,291.674,64.5,131.94395
1775992217685,60,291.674,64.5,131.55742
1775992217743,60,291.674,64.5,132.2193
1775992217800,60,291.674,64.5,127.5965
1775992217856,60,291.674,64.5,121.04249
1775992217911,60,291.674,64.375,117.0911
1775992217969,60,291.674,64.375,122.46152
1775992218027,60,291.674,64.375,131.83635
1775992218084,60,291.674,64.375,128.89113
1775992218141,60,294.187,64.625,133.69943
1775992218197,60,294.187,64.875,129.04485
1775992218253,60,294.187,64.75,116.86781
1775992218309,60,294.187,64.75,123.73994
1775992218366,60,294.187,64.625,123.68633
1775992218422,60,294.187,64.75,128.99593
1775992218480,60,294.187,65.125,133.94847
1775992218538,60,294.187,65.25,120.12278
1775992218596,60,294.187,65.5,131.93176
1775992218653,58,295.801,65.75,127.08325
1775992218712,58,295.801,66.0,124.03232
1775992218768,58,295.801,66.25,123.39932
1775992218826,58,295.801,66.625,125.83012
1775992218881,58,295.801,66.625,125.16351
1775992218937,58,295.801,66.625,128.01875
1775992218995,58,295.801,66.625,125.55049
1775992219051,58,295.801,66.625,126.160095
1775992219108,58,295.801,66.625,125.05829
1775992219164,60,275.057,66.625,116.14636
1775992219220,60,275.057,66.5,112.33521
1775992219276,60,275.057,66.375,114.655266
1775992219332,60,275.057,66.375,118.230515
1775992219390,60,275.057,66.25,115.24943
1775992219446,60,275.057,66.125,113.05906
1775992219502,60,275.057,66.0,114.795395
1775992219558,60,275.057,66.0,114.56507
1775992219615,60,275.057,65.875,118.20752
1775992219671,61,278.63,65.75,116.19635
1775992219728,61,278.63,65.625,119.26506
1775992219784,61,278.63,65.625,119.03668
1775992219840,61,278.63,65.5,116.34085
1775992219896,61,278.63,65.375,121.10637
1775992219952,61,278.63,65.25,116.79238
1775992220009,61,278.63,65.25,118.34579
1775992220066,61,278.63,65.125,124.45653
1775992220123,61,306.502,65.125,128.34958
1775992220178,61,306.502,65.125,123.376205
1775992220235,61,306.502,65.0,122.24264
1775992220291,61,306.502,64.875,118.50604
1775992220346,61,306.502,64.875,118.5698
1775992220402,61,306.502,64.75,123.411316
1775992220458,61,306.502,64.625,120.41312
1775992220514,61,306.502,64.625,125.04471
1775992220572,61,306.502,64.5,121.288574
1775992220627,60,301.48900000000003,64.375,119.654976
1775992220684,60,301.48900000000003,64.375,128.02155
1775992220741,60,301.48900000000003,64.375,126.46003
1775992220799,60,301.48900000000003,64.375,127.83873
1775992220855,60,301.48900000000003,64.375,128.77238
1775992220911,60,301.48900000000003,64.25,130.61238
1775992220967,60,301.48900000000003,64.25,125.53322
1775992221025,60,301.48900000000003,64.25,130.83719
1775992221082,60,301.48900000000003,64.5,122.19261
1775992221139,59,293.712,64.75,126.40579
1775992221195,59,293.712,65.25,125.38859
1775992221253,59,293.712,65.25,126.777214
1775992221309,59,293.712,65.125,121.74467
1775992221365,59,293.712,65.125,125.38796
1775992221422,59,293.712,65.125,126.27366
1775992221479,59,293.712,65.25,128.96057
1775992221536,59,293.712,65.125,130.80977
1775992221592,59,293.712,65.125,129.07468
1775992221649,60,290.564,65.125,129.1985
1775992221706,60,290.564,65.25,129.66135
1775992221763,60,290.564,65.25,122.1174
1775992221820,60,290.564,65.125,116.401665
1775992221877,60,290.564,65.125,116.37599
1775992221934,60,290.564,65.0,111.40752
1775992221991,60,290.564,64.875,109.32822
1775992222048,60,290.564,64.875,112.1569
1775992222104,60,290.564,64.75,117.375595
1775992222160,61,294.505,64.625,119.28421
1775992222217,61,294.505,64.625,111.32865
1775992222274,61,294.505,64.5,114.83952
1775992222331,61,294.505,64.5,114.62464
1775992222386,61,294.505,64.375,115.40579
1775992222442,61,294.505,64.25,113.23219
1775992222499,61,294.505,64.25,119.178856
1775992222556,61,294.505,64.25,122.67737
1775992222613,61,294.505,64.25,115.86835
1775992222670,60,297.765,64.125,118.55957
1775992222726,60,297.765,64.0,119.38145
1775992222783,60,297.765,64.0,117.93053
1775992222841,60,297.765,63.875,115.77619
1775992222897,60,297.765,63.75,114.83901
1775992222954,60,297.765,63.75,115.793465
1775992223011,60,297.765,63.625,118.445724
1775992223066,60,297.765,63.625,113.722466
1775992223123,60,298.10200000000003,63.5,116.3908
1775992223180,60,298.10200000000003,63.5,115.03708
1775992223235,60,298.10200000000003,63.375,115.05617
1775992223291,60,298.10200000000003,63.25,114.84526
1775992223348,60,298.10200000000003,63.375,119.41354
1775992223406,60,298.10200000000003,63.375,130.96106
1775992223464,60,298.10200000000003,63.625,125.99623
1775992223521,60,298.10200000000003,63.75,131.37517
1775992223579,60,298.10200000000003,64.0,136.46841
1775992223635,57,293.809,64.5,131.12848
1775992223696,57,293.809,64.875,131.83453
1775992223752,57,293.809,65.25,134.96785
1775992223810,57,293.809,65.375,137.8876
1775992223867,57,293.809,65.5,124.84134
1775992223923,57,293.809,65.5,129.16057
1775992223980,57,293.809,65.5,126.9315
1775992224036,57,293.809,65.5,123.142555
1775992224093,57,293.809,65.5,117.84819
1775992224150,61,266.928,65.375,112.788765
1775992224205,61,266.928,65.25,119.687065
1775992224261,61,266.928,65.25,123.35398
1775992224318,61,266.928,65.25,121.12063
1775992224375,61,266.928,65.125,116.86932
1775992224433,61,266.928,65.0,119.74869
1775992224489,61,266.928,65.0,118.16877
1775992224545,61,266.928,64.875,117.29467
1775992224602,61,266.928,64.875,118.21716
1775992224659,61,266.585,64.75,112.3832
1775992224716,61,266.585,64.75,125.589096
1775992224773,61,266.585,64.75,124.80246
1775992224829,61,266.585,64.625,117.769646
1775992224885,61,266.585,64.625,118.96828
1775992224942,61,266.585,64.5,120.71062
1775992224999,61,266.585,64.5,121.08376
1775992225055,61,266.585,64.375,119.09313
1775992225112,61,266.585,64.375,120.36423
1775992225170,61,299.848,64.25,122.61138
1775992225227,61,299.848,64.125,120.62733
1775992225283,61,299.848,64.125,118.44889
1775992225339,61,299.848,64.0,123.53174
1775992225395,61,299.848,64.0,121.72138
1775992225452,61,299.848,64.0,127.61304
1775992225508,61,299.848,63.875,119.11923
1775992225565,61,299.848,63.75,123.38029
1775992225622,61,299.848,63.75,118.541145
1775992225679,60,298.875,63.625,119.77919
1775992225735,60,298.875,63.625,120.13412
1775992225792,60,298.875,63.5,119.85986
1775992225848,60,298.875,63.5,126.85343
1775992225905,60,298.875,63.375,127.27044
1775992225962,60,298.875,63.5,132.00465
1775992226018,60,298.875,63.5,124.76596
1775992226075,60,298.875,63.5,126.52323
1775992226133,60,291.886,63.625,130.36163
1775992226189,60,291.886,63.5,123.85604
1775992226245,60,291.886,63.5,125.557
1775992226302,60,291.886,63.5,121.94634
1775992226359,60,291.886,63.5,121.446266
1775992226416,60,291.886,63.375,118.180046
1775992226474,60,291.886,63.375,121.077644
1775992226531,60,291.886,63.375,124.04768
1775992226588,60,291.886,63.5,130.80635
1775992226646,60,292.699,63.5,131.95784
1775992226703,60,292.699,63.75,134.99808
1775992226759,60,292.699,63.875,137.4067
1775992226815,60,292.699,63.875,127.74035
1775992226874,60,292.699,64.25,134.9727
1775992226930,60,292.699,64.5,130.18869
1775992226987,60,292.699,64.75,130.04974
1775992227044,60,292.699,64.75,130.89397
1775992227101,60,292.699,64.875,125.11526
1775992227157,59,294.109,64.875,127.97635
1775992227214,59,294.109,64.875,122.42388
1775992227271,59,294.109,64.75,124.66964
1775992227328,59,294.109,64.625,122.05055
1775992227385,59,294.109,64.625,126.06131
1775992227443,59,294.109,64.625,127.23386
1775992227499,59,294.109,64.75,123.97605
1775992227556,59,294.109,64.625,125.17485
1775992227614,59,294.109,64.625,122.93837
1775992227671,60,288.093,64.5,113.971146
1775992227728,60,288.093,64.375,118.66315
1775992227784,60,288.093,64.375,119.13514
1775992227839,60,288.093,64.25,117.55903
1775992227894,60,288.093,64.25,119.47637
1775992227952,60,288.093,64.125,122.396675
1775992228008,60,288.093,64.125,119.89927
1775992228067,60,288.093,64.0,131.67189
1775992228124,59,288.42900000000003,64.125,127.854225
1775992228181,59,288.42900000000003,64.25,123.44661
1775992228237,59,288.42900000000003,64.375,132.72816
1775992228295,59,288.42900000000003,64.75,129.56076
1775992228352,59,288.42900000000003,65.125,126.71614
1775992228409,59,288.42900000000003,65.375,132.38835
1775992228467,59,288.42900000000003,65.75,138.67117
1775992228523,59,288.42900000000003,66.0,123.45468
1775992228579,59,288.42900000000003,66.375,121.66894
1775992228635,57,286.065,66.625,127.293724
1775992228693,57,286.065,66.875,136.73631
1775992228751,57,286.065,67.5,131.23946
1775992228808,57,286.065,67.75,136.44337
1775992228866,57,286.065,68.0,129.77672
1775992228923,57,286.065,68.125,128.1165
1775992228980,57,286.065,68.125,128.36017
1775992229036,57,286.065,68.125,129.83116
1775992229093,57,286.065,68.125,128.9664
1775992229150,59,258.046,68.0,119.61164
1775992229207,59,258.046,68.0,122.70614
1775992229263,59,258.046,67.875,132.0925
1775992229320,59,258.046,67.875,131.17816
1775992229377,59,258.046,67.875,130.5164
1775992229434,59,258.046,67.75,131.27034
1775992229492,59,258.046,67.75,130.79114
1775992229549,59,258.046,67.875,134.48306
1775992229607,59,258.046,67.875,134.11974
1775992229664,59,263.755,67.75,131.60692
1775992229720,59,263.755,67.625,125.827705
1775992229775,59,263.755,67.625,123.52311
1775992229832,59,263.755,67.5,123.232185
1775992229889,59,263.755,67.375,127.97619
1775992229946,59,263.755,67.25,123.22136
1775992230003,59,263.755,67.25,118.52058
1775992230059,59,263.755,67.125,130.49117
1775992230115,59,263.755,67.125,126.31325
1775992230171,61,293.258,67.125,128.84355
1775992230227,61,293.258,67.0,122.315575
1775992230284,61,293.258,66.875,122.74595
1775992230340,61,293.258,66.75,124.66217
1775992230398,61,293.258,66.75,123.631836
1775992230454,61,293.258,66.625,124.2441
1775992230511,61,293.258,66.5,123.437004
1775992230568,61,293.258,66.5,123.29925
1775992230624,61,297.488,66.375,124.89937
1775992230681,61,297.488,66.25,122.11622
1775992230737,61,297.488,66.125,123.116714
1775992230794,61,297.488,66.0,122.0318
1775992230850,61,297.488,66.0,125.69014
1775992230908,61,297.488,65.875,123.94673
1775992230964,61,297.488,65.75,126.413956
1775992231022,61,297.488,65.625,124.189835
1775992231079,61,297.488,65.5,122.34573
1775992231136,60,304.991,65.5,122.05819
1775992231194,60,304.991,65.375,123.27923
1775992231251,60,304.991,65.25,122.14545
1775992231308,60,304.991,65.125,119.61294
1775992231364,60,304.991,65.125,121.86172
1775992231420,60,304.991,65.0,120.38383
1775992231475,60,304.991,64.875,120.34914
1775992231532,60,304.991,64.875,119.25609
1775992231592,60,304.991,64.75,120.68327
1775992231648,60,305.805,64.625,119.44293
1775992231704,60,305.805,64.625,121.71208
1775992231759,60,305.805,64.5,120.351265
1775992231816,60,305.805,64.5,122.78739
1775992231873,60,305.805,64.375,127.30827
1775992231931,60,305.805,64.375,131.89525
1775992231987,60,305.805,64.5,127.99533
1775992232044,60,305.805,64.875,129.09177
1775992232101,60,305.805,65.125,131.22243
1775992232157,61,301.838,65.25,120.35157
1775992232214,61,301.838,65.125,114.724724
1775992232269,61,301.838,65.125,115.36821
1775992232327,61,301.838,65.0,116.60624
1775992232382,61,301.838,64.875,116.89275
1775992232438,61,301.838,64.875,115.94786
1775992232495,61,301.838,64.75,112.16083
1775992232552,61,301.838,64.75,117.49145
1775992232608,61,301.838,64.625,116.56097
1775992232664,60,301.23,64.5,114.76006
1775992232720,60,301.23,64.5,122.0091
1775992232776,60,301.23,64.375,118.530785
1775992232832,60,301.23,64.25,123.087456
1775992232889,60,301.23,64.25,120.14394
1775992232946,60,301.23,64.125,123.10842
1775992233002,60,301.23,64.125,121.580574
1775992233059,60,301.23,64.0,116.177086
1775992233116,60,301.23,64.0,129.04182
1775992233172,60,303.52500000000003,64.0,126.00766
1775992233229,60,303.52500000000003,64.25,129.73524
1775992233286,60,303.52500000000003,64.625,130.13725
1775992233341,60,303.52500000000003,65.125,128.00859
1775992233398,60,303.52500000000003,65.625,129.64642
1775992233455,60,303.52500000000003,65.75,141.39919
1775992233514,60,303.52500000000003,66.0,140.97519
1775992233572,60,303.52500000000003,66.375,136.80975
1775992233629,55,296.97700000000003,66.75,138.93573
1775992233686,55,296.97700000000003,67.0,133.67029
1775992233743,55,296.97700000000003,67.25,139.89832
1775992233801,55,296.97700000000003,67.5,134.91547
1775992233858,55,296.97700000000003,67.5,131.08151
1775992233915,55,296.97700000000003,67.5,125.21941
1775992233973,55,296.97700000000003,67.375,128.799
1775992234030,55,296.97700000000003,67.375,129.51805
1775992234087,55,296.97700000000003,67.375,132.20773
1775992234144,58,263.723,67.375,135.36156
1775992234201,58,263.723,67.25,136.13313
1775992234258,58,263.723,67.25,131.58913
1775992234316,58,263.723,67.25,126.81017
1775992234374,58,263.723,67.25,132.2514
1775992234432,58,263.723,67.375,127.13524
1775992234489,58,263.723,67.625,127.07845
1775992234545,58,263.723,67.625,127.0501
1775992234601,58,263.723,67.625,126.74136
1775992234657,60,251.025,67.625,127.955055
1775992234714,60,251.025,67.75,126.006546
1775992234771,60,251.025,67.75,131.81946
1775992234828,60,251.025,68.25,124.49411
1775992234886,60,251.025,68.25,129.46178
1775992234942,60,251.025,68.375,133.11415
1775992234999,60,251.025,68.5,123.15589
1775992235056,60,251.025,68.375,123.01079
1775992235114,60,251.025,68.25,118.482
1775992235171,61,284.024,68.25,120.213104
1775992235227,61,284.024,68.125,117.06019
1775992235284,61,284.024,68.0,114.2621
1775992235341,61,284.024,67.875,122.62114
1775992235398,61,284.024,67.875,120.00059
1775992235454,61,284.024,67.75,126.938866
1775992235512,61,284.024,67.75,134.1939
1775992235569,61,284.024,67.75,130.48567
1775992235626,60,294.06600000000003,67.75,134.15561
1775992235682,60,294.06600000000003,67.625,124.97658
1775992235738,60,294.06600000000003,67.625,125.080315
1775992235795,60,294.06600000000003,67.5,119.509575
1775992235853,60,294.06600000000003,67.375,116.44715
1775992235909,60,294.06600000000003,67.25,121.7865
1775992235965,60,294.06600000000003,67.25,125.395874
1775992236023,60,294.06600000000003,67.125,122.44508
1775992236079,60,294.06600000000003,67.0,119.11712
1775992236135,61,295.133,66.875,121.50952
1775992236192,61,295.133,66.75,116.415375
1775992236249,61,295.133,66.75,120.790405
1775992236306,61,295.133,66.625,119.67413
1775992236363,61,295.133,66.5,119.92958
1775992236419,61,295.133,66.5,119.876144
1775992236476,61,295.133,66.375,122.03661
1775992236532,61,295.133,66.25,121.97135
1775992236589,61,295.133,66.25,122.34316
1775992236645,61,294.688,66.125,121.431625
1775992236701,61,294.688,66.0,123.58681
1775992236758,61,294.688,65.875,119.52775
1775992236814,61,294.688,65.875,118.83371
1775992236868,61,294.688,65.75,119.5347
1775992236925,61,294.688,65.625,119.42333
1775992236982,61,294.688,65.625,117.42986
1775992237038,61,294.688,65.5,119.383675
1775992237094,61,294.688,65.375,119.971725
1775992237154,59,293.528,65.375,138.97601
1775992237212,59,293.528,65.5,130.50838
1775992237269,59,293.528,65.5,128.25656
1775992237325,59,293.528,65.5,131.42743
1775992237383,59,293.528,65.75,131.14586
1775992237440,59,293.528,66.0,131.93613
1775992237497,59,293.528,65.875,120.76772
1775992237553,59,293.528,65.875,117.84507
1775992237611,59,293.528,65.75,115.324196
1775992237667,61,289.765,65.75,115.34505
1775992237723,61,289.765,65.625,122.77697
1775992237779,61,289.765,65.5,117.36963
1775992237836,61,289.765,65.5,114.4223
1775992237892,61,289.765,65.375,118.444695
1775992237948,61,289.765,65.25,117.36352
1775992238005,61,289.765,65.25,116.65401
1775992238062,61,289.765,65.125,114.65866
1775992238120,61,289.765,65.125,117.59414
1775992238177,60,286.10200000000003,65.25,124.80713
1775992238234,60,286.10200000000003,65.5,120.37925
1775992238292,60,286.10200000000003,65.75,126.5809
1775992238349,60,286.10200000000003,65.75,129.34822
1775992238408,60,286.10200000000003,66.125,132.48961
1775992238466,60,286.10200000000003,66.25,123.859566
1775992238523,60,286.10200000000003,66.5,119.66134
1775992238580,60,286.10200000000003,66.75,132.90353
1775992238637,58,281.27500000000003,66.875,136.04225
1775992238694,58,281.27500000000003,67.25,135.99223
1775992238754,58,281.27500000000003,67.625,132.98428
1775992238812,58,281.27500000000003,67.75,137.45769
1775992238869,58,281.27500000000003,67.875,127.18914
1775992238926,58,281.27500000000003,67.875,127.768936
1775992238982,58,281.27500000000003,68.0,132.17043
1775992239040,58,281.27500000000003,67.875,127.93141
1775992239097,58,281.27500000000003,67.875,128.40666
1775992239154,58,254.03900000000002,67.75,133.6324
1775992239211,58,254.03900000000002,67.75,130.7457
1775992239271,58,254.03900000000002,67.75,131.3997
1775992239327,58,254.03900000000002,67.625,130.66174
1775992239383,58,254.03900000000002,67.625,134.9253
1775992239440,58,254.03900000000002,67.625,132.42444
1775992239498,58,254.03900000000002,67.625,135.0502
1775992239556,58,254.03900000000002,67.625,138.53113
1775992239613,58,254.03900000000002,67.625,132.9429
1775992239670,60,252.197,67.625,133.07016
1775992239726,60,252.197,67.625,138.55013
1775992239783,60,252.197,67.625,132.68787
1775992239840,60,252.197,67.75,132.63768
1775992239897,60,252.197,67.75,134.86919
1775992239953,60,252.197,67.625,127.076805
1775992240010,60,252.197,67.625,131.77496
1775992240066,60,252.197,67.625,132.96472
1775992240123,60,252.197,67.625,131.7619
1775992240181,61,285.406,67.5,129.09483
1775992240238,61,285.406,67.5,128.44957
1775992240295,61,285.406,67.5,128.51822
1775992240353,61,285.406,67.625,129.23767
1775992240410,61,285.406,67.625,128.92795
1775992240466,61,285.406,67.625,126.15825
1775992240522,61,285.406,67.625,125.38815
1775992240578,61,285.406,67.625,119.5858
1775992240634,60,288.37,67.5,117.70937
1775992240691,60,288.37,67.375,119.30403
1775992240747,60,288.37,67.25,112.58347
1775992240803,60,288.37,67.25,115.785324
1775992240858,60,288.37,67.125,113.382576
1775992240914,60,288.37,67.0,114.41625
1775992240970,60,288.37,67.0,113.49887
1775992241027,60,288.37,66.875,115.496185
1775992241084,60,288.37,66.75,119.66402
1775992241140,61,291.629,66.625,110.70051
1775992241197,61,291.629,66.625,116.62961
1775992241253,61,291.629,66.5,113.07639
1775992241309,61,291.629,66.375,111.47851
1775992241367,61,291.629,66.375,119.27882
1775992241422,61,291.629,66.375,117.09815
1775992241478,61,291.629,66.375,118.454575
1775992241535,61,291.629,66.25,127.11093
1775992241590,61,291.629,66.25,127.38699
1775992241647,59,293.98900000000003,66.375,122.45565
1775992241704,59,293.98900000000003,66.375,125.849655
1775992241760,59,293.98900000000003,66.375,127.664536
1775992241817,59,293.98900000000003,66.375,128.32054
1775992241873,59,293.98900000000003,66.5,132.00764
1775992241930,59,293.98900000000003,66.5,126.49978
1775992241987,59,293.98900000000003,66.5,125.97326
1775992242044,59,293.98900000000003,66.5,131.97382
1775992242101,59,293.98900000000003,66.5,129.47852
1775992242159,59,292.842,66.625,127.03507
1775992242217,59,292.842,66.875,133.89119
1775992242274,59,292.842,66.875,132.9947
1775992242331,59,292.842,66.875,129.3047
1775992242389,59,292.842,66.875,135.70763
1775992242447,59,292.842,67.0,132.52333
1775992242505,59,292.842,67.125,133.54474
1775992242562,59,292.842,67.375,130.1104
1775992242619,59,292.842,67.625,131.33327
1775992242677,59,285.332,67.625,125.164764
1775992242733,59,285.332,67.625,131.14838
1775992242790,59,285.332,67.5,131.61127
1775992242846,59,285.332,67.5,129.22366
1775992242902,59,285.332,67.625,129.41154
1775992242959,59,285.332,67.75,134.05135
1775992243017,59,285.332,67.875,131.57486
1775992243074,59,285.332,67.875,134.61174
1775992243132,60,274.889,67.75,136.90808
1775992243188,60,274.889,67.75,131.2643
1775992243244,60,274.889,67.625,124.621895
1775992243301,60,274.889,67.5,123.66181
1775992243359,60,274.889,67.375,127.80368
1775992243417,60,274.889,67.375,128.29866
1775992243473,60,274.889,67.625,126.455795
1775992243530,60,274.889,67.875,127.68196
1775992243587,60,274.889,67.875,130.7407
1775992243643,55,263.604,68.0,127.25889
1775992243700,55,263.604,68.0,132.31378
1775992243756,55,263.604,68.0,123.5078
1775992243813,55,263.604,68.125,129.01501
1775992243870,55,263.604,68.125,121.57602
1775992243929,55,263.604,68.0,124.08782
1775992243985,55,263.604,67.875,125.35586
1775992244042,55,263.604,67.75,122.21066
1775992244099,55,263.604,67.625,124.51186
1775992244155,59,241.525,67.625,123.97704
1775992244212,59,241.525,67.5,122.32352
1775992244267,59,241.525,67.375,118.2561
1775992244323,59,241.525,67.375,127.09602
1775992244379,59,241.525,67.375,131.3433
1775992244436,59,241.525,67.375,136.06053
1775992244494,59,241.525,67.25,131.48932
1775992244551,59,241.525,67.25,126.314545
1775992244608,59,241.525,67.125,129.12415
1775992244665,58,243.31900000000002,67.125,132.94254
1775992244723,58,243.31900000000002,67.125,134.79077
1775992244779,58,243.31900000000002,67.125,135.03104
1775992244837,58,243.31900000000002,67.125,132.78601
1775992244893,58,243.31900000000002,67.0,139.1968
1775992244950,58,243.31900000000002,67.125,133.51662
1775992245008,58,243.31900000000002,67.125,130.69225
1775992245064,58,243.31900000000002,67.0,138.13602
1775992245121,58,243.31900000000002,67.0,132.56113
1775992245177,59,278.122,67.0,128.53918
1775992245234,59,278.122,67.0,131.40646
1775992245291,59,278.122,66.875,121.76582
1775992245348,59,278.122,66.75,132.99852
1775992245405,59,278.122,66.875,133.63751
1775992245461,59,278.122,66.75,134.26376
1775992245517,59,278.122,66.75,122.77339
1775992245574,59,278.122,66.625,124.03758
1775992245631,59,288.773,66.5,122.75547
1775992245688,59,288.773,66.375,125.724075
1775992245744,59,288.773,66.25,120.99817
1775992245801,59,288.773,66.125,119.05282
1775992245856,59,288.773,66.125,127.33209
1775992245912,59,288.773,66.0,120.51093
1775992245969,59,288.773,65.875,124.274574
1775992246027,59,288.773,65.875,119.198875
1775992246084,59,288.773,65.75,113.731346
1775992246140,59,286.971,65.625,120.06436
1775992246196,59,286.971,65.625,123.308586
1775992246253,59,286.971,65.5,117.820045
1775992246309,59,286.971,65.375,120.4021
1775992246365,59,286.971,65.375,118.65476
1775992246421,59,286.971,65.25,117.119705
1775992246479,59,286.971,65.125,121.63346
1775992246536,59,286.971,65.375,130.00806
1775992246593,59,286.971,65.25,119.430466
1775992246650,59,281.544,65.25,127.45764
1775992246707,59,281.544,65.25,129.4089
1775992246762,59,281.544,65.375,133.64305
1775992246819,59,281.544,65.25,127.85726
1775992246875,59,281.544,65.125,125.83815
1775992246933,59,281.544,65.125,125.33086
1775992246990,59,281.544,65.0,126.69046
1775992247047,59,281.544,64.875,124.10688
1775992247103,59,281.544,64.875,122.197975
1775992247160,59,286.84000000000003,64.875,130.93922
1775992247217,59,286.84000000000003,64.875,129.54213
1775992247275,59,286.84000000000003,65.0,131.29189
1775992247331,59,286.84000000000003,64.875,123.3201
1775992247387,59,286.84000000000003,64.875,118.5074
1775992247444,59,286.84000000000003,64.75,123.51364
1775992247500,59,286.84000000000003,64.625,120.03091
1775992247556,59,286.84000000000003,64.625,124.16237
1775992247613,59,286.84000000000003,64.5,124.50839
1775992247670,59,288.20300000000003,64.5,128.44301
1775992247727,59,288.20300000000003,64.375,131.61086
1775992247785,59,288.20300000000003,64.75,133.55594
1775992247842,59,288.20300000000003,65.0,136.51736
1775992247899,59,288.20300000000003,65.0,126.63574
1775992247955,59,288.20300000000003,65.0,125.50558
1775992248012,59,288.20300000000003,64.875,127.4403
1775992248069,59,288.20300000000003,64.75,126.61457
1775992248126,60,283.81600000000003,64.75,129.85725
1775992248183,60,283.81600000000003,64.625,130.71603
1775992248240,60,283.81600000000003,64.625,129.84935
1775992248298,60,283.81600000000003,64.5,119.864655
1775992248355,60,283.81600000000003,64.5,131.53539
1775992248413,60,283.81600000000003,64.5,129.31805
1775992248470,60,283.81600000000003,64.625,126.31331
1775992248527,60,283.81600000000003,65.0,127.144394
1775992248583,60,283.81600000000003,65.375,131.45619
1775992248639,57,282.913,65.75,127.06778
1775992248697,57,282.913,65.875,123.253174
1775992248754,57,282.913,66.0,122.844864
1775992248812,57,282.913,66.5,120.29353
1775992248869,57,282.913,66.375,125.45671
1775992248927,57,282.913,66.375,128.1397
1775992248984,57,282.913,66.375,127.27139
1775992249042,57,282.913,66.375,131.33086
1775992249099,57,282.913,66.375,132.23517
1775992249157,60,260.377,66.375,136.30377
1775992249214,60,260.377,66.375,134.23618
1775992249271,60,260.377,66.375,135.4051
1775992249327,60,260.377,66.375,131.82481
1775992249384,60,260.377,66.25,127.75174
1775992249442,60,260.377,66.25,121.70449
1775992249499,60,260.377,66.125,119.10559
1775992249556,60,260.377,66.125,126.98218
1775992249613,60,260.377,66.0,127.413666
1775992249670,59,256.307,66.0,126.634705
1775992249727,59,256.307,65.875,138.58621
1775992249783,59,256.307,66.0,139.3818
1775992249839,59,256.307,65.875,129.05133
1775992249896,59,256.307,65.875,130.02037
1775992249952,59,256.307,65.75,127.028275
1775992250008,59,256.307,65.625,129.16649
1775992250066,59,256.307,65.625,133.21904
1775992250123,59,256.307,65.625,131.06877
1775992250179,59,284.285,65.625,130.29384
1775992250237,59,284.285,65.5,130.86273
1775992250293,59,284.285,65.5,121.942345
1775992250350,59,284.285,65.375,124.96243
1775992250406,59,284.285,65.375,129.67415
1775992250462,59,284.285,65.25,127.22305
1775992250519,59,284.285,65.25,125.48974
1775992250575,59,284.285,65.125,130.6653
1775992250633,59,283.871,65.125,128.46474
1775992250689,59,283.871,65.0,128.2857
1775992250746,59,283.871,65.0,129.30937
1775992250802,59,283.871,64.875,127.164085
1775992250859,59,283.871,64.875,132.6034
1775992250915,59,283.871,64.875,132.34804
1775992250973,59,283.871,64.875,132.35654
1775992251029,59,283.871,64.75,128.12183
1775992251087,59,283.871,64.75,128.69919
1775992251144,60,283.819,64.625,127.78625
1775992251201,60,283.819,64.5,128.2137
1775992251257,60,283.819,64.5,126.42102
1775992251314,60,283.819,64.375,123.785965
1775992251371,60,283.819,64.375,130.80397
1775992251427,60,283.819,64.25,127.29817
1775992251484,60,283.819,64.25,127.83533
1775992251540,60,283.819,64.25,133.43315
1775992251598,60,283.819,64.125,129.66765
1775992251656,59,284.172,64.125,138.06892
1775992251714,59,284.172,64.125,138.33844
1775992251771,59,284.172,64.25,135.77472
1775992251827,59,284.172,64.125,136.94469
1775992251884,59,284.172,64.25,136.27702
1775992251941,59,284.172,64.25,130.87106
1775992251998,59,284.172,64.5,130.57426
1775992252055,59,284.172,64.375,126.21713
1775992252112,59,284.172,64.375,132.2469
1775992252169,60,287.034,64.25,125.7116
1775992252225,60,287.034,64.25,124.254555
1775992252283,60,287.034,64.125,122.24016
1775992252339,60,287.034,64.125,122.941734
1775992252395,60,287.034,64.0,127.283104
1775992252452,60,287.034,64.125,129.63106
1775992252508,60,287.034,64.125,137.59389
1775992252565,60,287.034,64.0,131.20099
1775992252622,60,287.034,64.0,126.08572
1775992252678,60,291.005,64.0,127.591255
1775992252734,60,291.005,63.875,124.180405
1775992252790,60,291.005,63.875,124.907814
1775992252846,60,291.005,63.875,126.30856
1775992252902,60,291.005,63.75,124.11952
1775992252958,60,291.005,63.625,122.97581
1775992253015,60,291.005,63.625,120.23526
1775992253071,60,291.005,63.5,119.463585
1775992253128,59,294.517,63.5,114.719986
1775992253184,59,294.517,63.375,122.25116
1775992253240,59,294.517,63.375,118.24137
1775992253296,59,294.517,63.25,116.38676
1775992253353,59,294.517,63.25,119.96612
1775992253410,59,294.517,63.125,123.01615
1775992253468,59,294.517,63.375,128.65343
1775992253524,59,294.517,63.75,119.4509
1775992253580,59,294.517,63.875,126.02124
1775992253636,57,288.021,64.0,126.71672
1775992253694,57,288.021,64.25,126.45514
1775992253750,57,288.021,64.5,118.25758
1775992253806,57,288.021,64.875,136.68295
1775992253863,57,288.021,65.125,127.942696
1775992253920,57,288.021,65.0,119.195755
1775992253976,57,288.021,65.0,118.82907
1775992254032,57,288.021,64.875,121.05424
1775992254088,57,288.021,64.75,117.27289
1775992254144,59,260.848,64.75,115.26532
1775992254201,59,260.848,64.625,119.5163
1775992254258,59,260.848,64.5,115.471504
1775992254314,59,260.848,64.5,120.20614
1775992254372,59,260.848,64.375,120.92707
1775992254428,59,260.848,64.375,126.27468
1775992254486,59,260.848,64.375,122.802666
1775992254543,59,260.848,64.25,120.53269
1775992254599,59,260.848,64.125,118.42462
1775992254657,61,263.305,64.125,124.33457
1775992254713,61,263.305,64.0,121.19324
1775992254769,61,263.305,64.0,119.54869
1775992254825,61,263.305,63.875,123.95202
1775992254880,61,263.305,63.75,119.08072
1775992254935,61,263.305,63.75,119.52182
1775992254992,61,263.305,63.625,118.75015
1775992255048,61,263.305,63.625,123.99308
1775992255105,61,263.305,63.5,119.39098
1775992255161,60,295.347,63.375,119.1203
1775992255217,60,295.347,63.375,119.973366
1775992255274,60,295.347,63.25,121.43942
1775992255331,60,295.347,63.25,125.265625
1775992255388,60,295.347,63.375,127.75345
1775992255445,60,295.347,63.375,129.68283
1775992255501,60,295.347,63.375,123.50151
1775992255557,60,295.347,63.25,124.07383
1775992255613,60,295.347,63.25,124.3966
1775992255669,59,295.584,63.125,124.41002
1775992255726,59,295.584,63.125,126.03539
1775992255782,59,295.584,63.0,120.68745
1775992255839,59,295.584,62.875,119.000595
1775992255895,59,295.584,62.875,124.56732
1775992255951,59,295.584,62.75,121.81744
1775992256006,59,295.584,62.75,125.449165
1775992256063,59,295.584,62.625,121.296394
1775992256120,59,295.584,62.625,127.61802
1775992256176,60,292.66,62.5,130.10515
1775992256232,60,292.66,62.5,123.27197
1775992256288,60,292.66,62.375,121.31234
1775992256343,60,292.66,62.375,120.87339
1775992256400,60,292.66,62.25,125.67826
1775992256456,60,292.66,62.25,120.95654
1775992256515,60,292.66,62.125,120.3501
1775992256572,60,292.66,62.125,120.75448
1775992256628,60,296.064,62.0,119.28852
1775992256685,60,296.064,62.0,120.13376
1775992256742,60,296.064,62.0,131.29857
1775992256799,60,296.064,62.25,132.33937
1775992256856,60,296.064,62.5,132.14749
1775992256912,60,296.064,62.625,132.25754
1775992256968,60,296.064,62.625,118.722534
1775992257025,60,296.064,62.625,126.13393
1775992257080,60,296.064,62.625,116.58172
1775992257136,60,299.57800000000003,62.5,120.70061
1775992257192,60,299.57800000000003,62.5,125.42408
1775992257249,60,299.57800000000003,62.375,121.49051
1775992257305,60,299.57800000000003,62.375,125.98136
1775992257362,60,299.57800000000003,62.25,124.1463
1775992257418,60,299.57800000000003,62.625,135.15903
1775992257475,60,299.57800000000003,63.0,130.66571
1775992257532,60,299.57800000000003,63.25,132.88596
1775992257588,60,299.57800000000003,63.5,127.439545
1775992257645,60,302.345,63.5,118.18237
1775992257700,60,302.345,63.375,122.40841
1775992257756,60,302.345,63.25,119.49399
1775992257813,60,302.345,63.25,124.462425
1775992257869,60,302.345,63.125,125.06977
1775992257925,60,302.345,63.125,123.365585
1775992257982,60,302.345,63.0,122.416534
1775992258038,60,302.345,63.0,125.72283
1775992258094,60,302.345,62.875,121.2051
1775992258151,60,304.788,62.875,129.19649
1775992258207,60,304.788,62.75,123.632324
1775992258262,60,304.788,62.75,123.76366
1775992258321,60,304.788,62.625,125.24994
1775992258376,60,304.788,62.625,120.18681
1775992258432,60,304.788,62.625,131.2496
1775992258488,60,304.788,63.0,129.7638
1775992258544,60,304.788,63.5,119.1194
1775992258600,60,304.788,63.75,129.30527
1775992258656,57,298.474,64.0,123.608505
1775992258713,57,298.474,64.25,129.2491
1775992258770,57,298.474,64.625,123.93385
1775992258828,57,298.474,64.875,135.35432
1775992258884,57,298.474,65.0,127.7853
1775992258941,57,298.474,65.125,127.28871
1775992258997,57,298.474,65.0,117.800995
1775992259053,57,298.474,65.0,119.53109
1775992259110,57,298.474,64.875,118.83853
1775992259166,59,269.882,64.75,122.01053
1775992259221,59,269.882,64.75,120.03547
1775992259277,59,269.882,64.625,120.14053
1775992259332,59,269.882,64.5,118.397766
1775992259389,59,269.882,64.375,121.107254
1775992259446,59,269.882,64.375,120.80744
1775992259502,59,269.882,64.25,119.63001
1775992259559,59,269.882,64.125,116.08353
1775992259616,59,269.882,64.125,112.358536
1775992259672,59,262.987,64.0,114.4969
1775992259728,59,262.987,64.0,115.51075
1775992259784,59,262.987,63.875,116.25443
1775992259840,59,262.987,63.75,117.68807
1775992259897,59,262.987,63.75,116.000336
1775992259952,59,262.987,63.625,119.49047
1775992260008,59,262.987,63.5,118.29861
1775992260064,59,262.987,63.5,120.30201
1775992260120,59,262.987,63.375,121.04193
1775992260178,60,282.688,63.375,129.85802
1775992260235,60,282.688,63.5,129.24374
1775992260291,60,282.688,63.375,128.71384
1775992260348,60,282.688,63.375,130.12032
1775992260404,60,282.688,63.625,127.70931
1775992260461,60,282.688,64.125,128.28111
1775992260517,60,282.688,64.5,132.34753
1775992260575,60,282.688,64.625,130.59695
1775992260632,60,281.7,64.75,131.80933
1775992260687,60,281.7,64.75,127.517
1775992260743,60,281.7,64.75,133.18506
1775992260800,60,281.7,64.75,132.27507
1775992260857,60,281.7,64.875,132.64365
1775992260914,60,281.7,65.0,128.75737
1775992260971,60,281.7,64.875,121.44676
1775992261029,60,281.7,64.875,124.55791
1775992261084,60,281.7,64.75,122.23401
1775992261140,60,290.6,64.75,120.396385
1775992261197,60,290.6,64.625,131.23553
1775992261254,60,290.6,64.625,126.3642
1775992261312,60,290.6,64.625,125.83878
1775992261368,60,290.6,64.75,127.70613
1775992261426,60,290.6,64.875,133.39641
1775992261483,60,290.6,65.0,134.64705
1775992261539,60,290.6,65.125,130.82114
1775992261596,60,290.6,65.125,130.35852
1775992261653,60,299.231,65.125,125.8466
1775992261710,60,299.231,65.125,130.5178
1775992261767,60,299.231,65.125,124.52593
1775992261824,60,299.231,65.125,121.65299
1775992261880,60,299.231,65.125,132.25066
1775992261938,60,299.231,65.125,130.11697
1775992261994,60,299.231,65.25,127.62945
1775992262050,60,299.231,65.125,130.19902
1775992262107,60,299.231,65.125,130.36488
1775992262164,59,300.815,65.25,129.87122
1775992262220,59,300.815,65.25,128.73357
1775992262278,59,300.815,65.25,136.15703
1775992262335,59,300.815,65.25,140.75021
1775992262392,59,300.815,65.375,126.350815
1775992262448,59,300.815,65.375,128.87207
1775992262504,59,300.815,65.5,129.66345
1775992262560,59,300.815,65.625,132.55092
1775992262617,59,300.815,65.625,133.40329
1775992262674,61,298.77,65.625,130.28224
1775992262732,61,298.77,65.625,126.36212
1775992262789,61,298.77,65.75,127.377106
1775992262846,61,298.77,65.75,130.58342
1775992262903,61,298.77,65.875,135.38739
1775992262959,61,298.77,65.875,128.02603
1775992263017,61,298.77,65.875,131.60947
1775992263074,61,298.77,65.875,129.81169
1775992263131,60,298.505,65.875,129.63109
1775992263189,60,298.505,66.0,129.21954
1775992263247,60,298.505,66.125,124.49357
1775992263303,60,298.505,66.375,126.50795
1775992263359,60,298.505,66.75,124.70756
1775992263415,60,298.505,66.875,132.81326
1775992263474,60,298.505,67.25,136.20125
1775992263531,60,298.505,67.5,133.59138
1775992263592,60,298.505,67.875,133.70749
1775992263648,58,294.107,68.125,122.33183
1775992263705,58,294.107,68.5,121.87457
1775992263762,58,294.107,68.5,125.02793
1775992263820,58,294.107,68.5,126.16976
1775992263879,58,294.107,68.5,118.67715
1775992263936,58,294.107,68.375,127.187584
1775992263992,58,294.107,68.375,118.57412
1775992264048,58,294.107,68.375,119.34913
1775992264105,58,294.107,68.25,118.94721
1775992264161,59,267.913,68.125,121.34692
1775992264218,59,267.913,68.125,118.51987
1775992264275,59,267.913,68.125,126.14288
1775992264334,59,267.913,68.125,118.276924
1775992264390,59,267.913,68.0,116.959656
1775992264447,59,267.913,68.0,117.07858
1775992264504,59,267.913,68.25,123.68862
1775992264564,59,267.913,68.625,137.51736
1775992264623,59,267.913,68.75,138.22815
1775992264679,60,263.713,68.875,136.8448
1775992264737,60,263.713,68.875,130.35342
1775992264793,60,263.713,69.0,125.33996
1775992264852,60,263.713,69.0,127.10381
1775992264909,60,263.713,69.125,128.65283
1775992264965,60,263.713,69.125,123.02921
1775992265021,60,263.713,69.125,124.6348
1775992265077,60,263.713,69.25,123.409706
1775992265135,60,290.206,69.25,129.11832
1775992265192,60,290.206,69.25,124.22597
1775992265248,60,290.206,69.25,128.79787
1775992265304,60,290.206,69.25,127.57055
1775992265360,60,290.206,69.125,117.11771
1775992265417,60,290.206,69.0,120.57208
1775992265472,60,290.206,69.125,121.31261
1775992265528,60,290.206,69.0,121.4088
1775992265586,60,290.206,69.0,123.32243
1775992265643,61,292.178,69.0,119.8282
1775992265700,61,292.178,68.875,115.95702
1775992265756,61,292.178,68.75,108.888794
1775992265811,61,292.178,68.75,112.312515
1775992265868,61,292.178,68.625,112.393326
1775992265925,61,292.178,68.375,112.76743
1775992265981,61,292.178,68.375,110.63373
1775992266037,61,292.178,68.25,113.71704
1775992266093,61,292.178,68.125,113.42873
1775992266149,60,302.31,68.0,109.99292
1775992266205,60,302.31,67.875,113.56954
1775992266261,60,302.31,67.75,111.9713
1775992266318,60,302.31,67.625,110.40843
1775992266373,60,302.31,67.5,108.869286
1775992266429,60,302.31,67.375,110.91898
1775992266485,60,302.31,67.25,109.22509
1775992266542,60,302.31,67.125,109.337036
1775992266598,60,302.31,67.0,115.37412
1775992266654,61,306.997,66.875,114.05392
1775992266710,61,306.997,66.875,113.90885
1775992266766,61,306.997,66.75,113.583176
1775992266821,61,306.997,66.625,113.06802
1775992266876,61,306.997,66.5,114.427376
1775992266932,61,306.997,66.375,111.21859
1775992266990,61,306.997,66.25,110.369125
1775992267046,61,306.997,66.125,105.32101
1775992267103,61,306.997,66.125,112.15649
1775992267159,62,307.02,66.0,108.3668
1775992267215,62,307.02,65.875,110.776886
1775992267270,62,307.02,65.75,105.40342
1775992267325,62,307.02,65.625,109.86254
1775992267380,62,307.02,65.5,112.91966
1775992267436,62,307.02,65.5,112.20175
1775992267492,62,307.02,65.375,111.892975
1775992267548,62,307.02,65.25,113.820786
1775992267604,62,307.02,65.125,116.020035
1775992267661,61,308.499,65.0,113.764
1775992267716,61,308.499,65.0,118.287415
1775992267773,61,308.499,64.875,112.60462
1775992267829,61,308.499,64.75,115.11943
1775992267885,61,308.499,64.625,116.184235
1775992267941,61,308.499,64.625,113.48337
1775992267997,61,308.499,64.5,112.78011
1775992268053,61,308.499,64.375,113.49207
1775992268110,61,308.499,64.25,114.078156
1775992268165,61,307.117,64.25,112.02281
1775992268221,61,307.117,64.125,114.490074
1775992268276,61,307.117,64.0,112.20205
1775992268332,61,307.117,64.0,114.01067
1775992268388,61,307.117,63.875,112.679405
1775992268444,61,307.117,64.0,128.64024
1775992268501,61,307.117,64.25,126.74659
1775992268558,61,307.117,64.375,121.765366
1775992268614,61,307.117,64.375,129.33464
1775992268672,58,306.496,64.75,122.39268
1775992268727,58,306.496,65.0,128.2173
1775992268783,58,306.496,65.375,124.78531
1775992268839,58,306.496,65.5,123.45054
1775992268894,58,306.496,65.5,114.56026
1775992268951,58,306.496,65.375,114.80224
1775992269007,58,306.496,65.25,112.04451
1775992269063,58,306.496,65.125,113.29884
1775992269119,58,306.496,65.125,111.84621
1775992269176,62,285.35200000000003,65.0,112.967735
1775992269231,62,285.35200000000003,64.875,115.41855
1775992269287,62,285.35200000000003,64.75,112.09493
1775992269343,62,285.35200000000003,64.625,115.41563
1775992269399,62,285.35200000000003,64.625,117.51178
1775992269455,62,285.35200000000003,64.5,117.73933
1775992269512,62,285.35200000000003,64.375,117.0594
1775992269567,62,285.35200000000003,64.375,118.709946
1775992269623,62,285.35200000000003,64.25,114.76266
1775992269680,62,292.386,64.125,116.26183
1775992269736,62,292.386,64.0,120.038414
1775992269794,62,292.386,64.0,117.88645
1775992269850,62,292.386,63.875,120.6622
1775992269906,62,292.386,63.75,121.91945
1775992269962,62,292.386,63.75,113.38491
1775992270018,62,292.386,63.625,114.01042
1775992270074,62,292.386,63.5,118.12098
1775992270132,62,320.512,63.5,113.8831
1775992270187,62,320.512,63.375,111.098694
1775992270243,62,320.512,63.25,112.7165
1775992270299,62,320.512,63.25,116.515396
1775992270355,62,320.512,63.125,115.48621
1775992270411,62,320.512,63.0,111.079155
1775992270465,62,320.512,63.0,110.596924
1775992270520,62,320.512,62.875,108.360985
1775992270577,62,320.512,62.875,112.64151
1775992270633,60,315.88100000000003,62.75,110.7819
1775992270689,60,315.88100000000003,62.75,110.7003
1775992270745,60,315.88100000000003,62.625,115.06521
1775992270803,60,315.88100000000003,62.5,114.84218
1775992270859,60,315.88100000000003,62.5,115.5921
1775992270914,60,315.88100000000003,62.375,117.90589
1775992270970,60,315.88100000000003,62.375,117.780235
1775992271026,60,315.88100000000003,62.25,117.237114
1775992271081,60,315.88100000000003,62.125,117.76536
1775992271137,61,311.15000000000003,62.125,116.43033
1775992271194,61,311.15000000000003,62.0,115.77082
1775992271249,61,311.15000000000003,62.0,116.35375
1775992271305,61,311.15000000000003,61.875,112.82983
1775992271360,61,311.15000000000003,61.875,111.06096
1775992271415,61,311.15000000000003,61.75,111.6397
1775992271471,61,311.15000000000003,61.625,114.57601
1775992271527,61,311.15000000000003,61.625,116.15194
1775992271583,61,311.15000000000003,61.5,114.39364
1775992271638,61,309.832,61.5,114.94274
1775992271694,61,309.832,61.375,116.2707
1775992271750,61,309.832,61.375,119.773445
1775992271807,61,309.832,61.625,125.156006
1775992271863,61,309.832,61.75,132.19221
1775992271919,61,309.832,61.875,128.18855
1775992271976,61,309.832,62.5,131.36966
1775992272032,61,309.832,63.25,129.79315
1775992272091,61,309.832,64.125,126.36744
1775992272148,61,301.394,64.75,126.96272
1775992272203,61,301.394,64.875,120.31488
1775992272259,61,301.394,64.75,118.57427
1775992272315,61,301.394,64.625,118.30444
1775992272373,61,301.394,64.5,119.690216
1775992272429,61,301.394,64.5,119.29244
1775992272484,61,301.394,64.375,120.70989
1775992272541,61,301.394,64.25,118.51625
1775992272598,61,301.394,64.125,118.67301
1775992272654,60,295.835,64.125,119.417885
1775992272712,60,295.835,64.0,118.50323
